visitor_id,page,visit_timestamp
1,homepage,2024-09-05 07:53:23
1,checkout,2024-02-13 05:40:50
1,product_page,2024-01-10 17:07:01
1,cart,2024-10-14 23:45:05
2,product_page,2024-04-16 19:27:32
2,cart,2024-04-05 02:33:27
3,homepage,2024-03-27 16:28:29
3,cart,2024-02-24 04:35:15
4,homepage,2024-10-13 00:24:33
4,checkout,2024-02-09 19:19:27
4,cart,2024-09-19 19:17:46
5,product_page,2024-10-14 15:31:25
5,cart,2024-12-12 11:42:58
6,homepage,2024-07-30 19:11:04
6,cart,2024-02-03 18:19:43
6,checkout,2024-08-17 07:47:20
6,product_page,2024-06-12 20:35:47
7,checkout,2024-01-13 08:14:09
7,cart,2024-01-12 13:43:48
8,homepage,2024-02-06 09:18:10
8,checkout,2024-03-25 21:51:13
8,product_page,2024-03-31 08:33:24
9,cart,2024-07-15 06:15:09
9,homepage,2024-08-21 19:13:16
9,checkout,2024-01-11 07:19:59
10,homepage,2024-08-05 23:10:59
10,checkout,2024-03-18 05:18:04
10,product_page,2024-10-05 01:47:11
11,cart,2024-09-09 09:21:43
11,product_page,2024-09-29 08:49:21
12,cart,2024-07-30 15:13:21
12,homepage,2024-06-11 22:12:29
12,product_page,2024-03-26 14:39:19
12,checkout,2024-06-23 10:55:54
13,homepage,2024-08-16 20:21:15
13,cart,2024-04-18 00:55:31
13,product_page,2024-11-10 08:26:19
14,cart,2024-12-03 14:27:58
14,checkout,2024-01-03 12:34:22
14,homepage,2024-10-21 16:35:50
14,product_page,2024-11-08 22:46:47
15,product_page,2024-03-03 00:07:57
15,checkout,2024-09-28 03:07:50
16,product_page,2024-06-13 03:03:06
16,homepage,2024-05-12 03:21:52
17,cart,2024-04-17 21:56:55
17,product_page,2024-03-01 09:10:26
17,checkout,2024-03-24 14:52:10
18,cart,2024-10-23 12:16:51
18,product_page,2024-05-10 17:17:18
19,cart,2024-02-09 16:40:07
19,checkout,2024-02-06 00:27:14
20,homepage,2024-05-27 13:10:44
20,cart,2024-02-07 13:27:43
20,checkout,2024-05-19 09:55:49
20,product_page,2024-11-25 03:13:12
21,checkout,2024-05-13 13:53:58
21,product_page,2024-08-22 11:08:04
22,product_page,2024-04-12 17:30:47
22,cart,2024-11-09 10:58:50
22,checkout,2024-01-17 20:59:14
23,product_page,2024-10-10 09:35:35
23,homepage,2024-06-27 10:09:00
24,checkout,2024-07-27 06:00:29
24,product_page,2024-02-18 11:27:50
24,homepage,2024-05-27 00:11:46
25,cart,2024-01-31 14:28:15
25,homepage,2024-08-02 09:23:29
26,checkout,2024-04-23 20:37:10
26,product_page,2024-11-18 02:36:42
26,cart,2024-09-01 03:20:51
26,homepage,2024-08-28 05:01:18
27,product_page,2024-12-09 21:00:30
27,homepage,2024-11-30 15:41:25
27,checkout,2024-05-20 10:40:57
28,checkout,2024-08-12 05:18:43
28,cart,2024-03-15 16:15:34
28,product_page,2024-09-30 15:05:07
28,homepage,2024-01-28 00:18:03
29,product_page,2024-01-18 19:06:51
29,cart,2024-09-13 19:25:15
30,homepage,2024-03-29 12:09:57
30,checkout,2024-10-27 05:31:09
30,cart,2024-04-22 09:17:28
31,product_page,2024-01-31 23:42:54
31,cart,2024-11-28 04:08:20
32,homepage,2024-03-31 09:46:05
32,product_page,2024-12-02 12:12:47
32,cart,2024-02-09 05:24:05
33,checkout,2024-05-27 15:01:59
33,cart,2024-04-17 22:54:06
33,product_page,2024-06-25 02:05:25
33,homepage,2024-09-03 21:00:30
34,homepage,2024-11-19 22:28:21
34,cart,2024-05-21 16:28:56
34,product_page,2024-03-04 04:02:45
34,checkout,2024-05-23 18:20:12
35,cart,2024-05-17 23:21:46
35,product_page,2024-03-22 08:44:49
36,checkout,2024-09-17 06:29:07
36,homepage,2024-04-13 16:24:49
37,cart,2024-09-29 13:26:21
37,checkout,2024-09-22 11:07:33
37,homepage,2024-09-08 16:07:39
37,product_page,2024-01-28 17:31:10
38,cart,2024-08-24 13:30:44
38,checkout,2024-09-03 14:25:35
38,homepage,2024-03-07 11:07:40
38,product_page,2024-07-26 10:32:40
39,product_page,2024-10-10 03:57:15
39,cart,2024-04-05 01:48:11
39,homepage,2024-03-04 11:01:17
40,cart,2024-06-28 12:34:38
40,product_page,2024-05-27 08:46:51
40,homepage,2024-04-14 20:05:45
40,checkout,2024-09-05 13:13:48
41,cart,2024-09-24 06:08:03
41,homepage,2024-08-04 07:08:52
41,checkout,2024-03-26 06:57:42
42,homepage,2024-09-22 21:04:02
42,checkout,2024-05-05 22:32:02
43,checkout,2024-11-23 07:56:57
43,homepage,2024-10-25 09:12:05
43,cart,2024-10-28 08:50:36
43,product_page,2024-01-22 17:22:46
44,checkout,2024-03-29 22:52:57
44,cart,2024-11-15 03:45:19
44,homepage,2024-01-13 11:11:45
44,product_page,2024-11-08 15:34:14
45,checkout,2024-05-02 12:14:07
45,homepage,2024-06-04 19:07:36
45,cart,2024-04-13 23:31:33
45,product_page,2024-01-26 16:55:21
46,cart,2024-03-22 22:30:09
46,product_page,2024-08-08 06:30:04
46,checkout,2024-12-06 08:20:17
47,product_page,2024-10-05 19:26:45
47,homepage,2024-05-02 05:00:37
48,cart,2024-03-23 13:49:22
48,homepage,2024-09-11 13:07:52
49,product_page,2024-07-12 21:10:21
49,cart,2024-06-02 15:33:23
49,homepage,2024-12-09 13:50:40
49,checkout,2024-09-06 15:48:49
50,homepage,2024-06-27 04:48:33
50,checkout,2024-02-25 11:39:35
51,homepage,2024-04-12 20:51:43
51,product_page,2024-02-24 05:26:56
52,product_page,2024-04-05 18:44:05
52,checkout,2024-10-16 07:48:02
53,checkout,2024-08-06 00:19:48
53,homepage,2024-07-28 07:37:56
53,cart,2024-04-12 00:55:45
53,product_page,2024-10-17 02:40:24
54,checkout,2024-08-15 00:44:10
54,product_page,2024-06-15 09:17:33
55,homepage,2024-12-14 16:18:56
55,checkout,2024-08-14 14:55:15
56,checkout,2024-06-04 02:40:57
56,product_page,2024-05-20 14:03:05
56,cart,2024-03-26 04:13:03
56,homepage,2024-02-23 17:20:43
57,homepage,2024-07-16 21:07:45
57,cart,2024-07-10 15:54:03
57,checkout,2024-02-05 07:20:13
58,checkout,2024-10-20 12:24:01
58,cart,2024-01-19 07:09:23
59,homepage,2024-11-30 10:03:39
59,checkout,2024-02-12 14:00:14
59,cart,2024-02-29 08:35:03
60,checkout,2024-08-31 16:13:15
60,homepage,2024-03-03 03:08:25
61,product_page,2024-11-03 14:42:53
61,checkout,2024-09-21 06:32:40
61,cart,2024-06-12 22:48:57
62,homepage,2024-08-19 14:56:06
62,product_page,2024-01-25 16:07:16
63,homepage,2024-05-29 10:17:28
63,checkout,2024-05-28 04:56:58
63,cart,2024-08-19 10:04:57
63,product_page,2024-06-30 18:32:28
64,product_page,2024-07-24 11:42:11
64,checkout,2024-04-07 15:20:57
65,checkout,2024-08-02 20:26:20
65,homepage,2024-11-30 07:02:53
65,product_page,2024-01-05 11:00:39
66,product_page,2024-09-21 04:42:03
66,checkout,2024-10-06 21:36:51
67,checkout,2024-02-14 11:41:58
67,product_page,2024-09-21 18:00:04
68,cart,2024-12-09 14:49:33
68,product_page,2024-07-27 12:55:34
68,checkout,2024-10-18 14:41:18
69,product_page,2024-04-13 14:59:27
69,checkout,2024-10-25 11:51:33
70,homepage,2024-09-05 22:11:49
70,cart,2024-05-12 02:39:54
71,homepage,2024-02-13 07:44:29
71,cart,2024-04-23 23:37:10
71,product_page,2024-06-17 20:18:21
71,checkout,2024-03-02 10:08:13
72,checkout,2024-06-25 05:00:41
72,cart,2024-01-02 06:14:54
73,product_page,2024-10-07 10:23:08
73,homepage,2024-12-06 03:32:27
73,cart,2024-10-06 11:54:36
73,checkout,2024-04-12 06:57:49
74,homepage,2024-07-13 09:48:02
74,cart,2024-10-22 22:00:08
75,checkout,2024-03-10 09:09:22
75,homepage,2024-07-16 03:56:10
76,product_page,2024-02-11 07:49:14
76,cart,2024-12-04 01:49:16
76,homepage,2024-08-30 20:13:12
76,checkout,2024-04-25 21:42:25
77,cart,2024-11-22 20:55:36
77,product_page,2024-09-05 03:26:27
77,homepage,2024-07-16 03:45:39
78,cart,2024-08-24 12:00:49
78,homepage,2024-03-18 05:59:09
78,product_page,2024-02-29 08:33:54
78,checkout,2024-05-25 05:07:46
79,cart,2024-10-23 03:06:56
79,product_page,2024-03-03 17:44:46
80,homepage,2024-07-28 11:22:36
80,checkout,2024-10-29 09:19:29
80,product_page,2024-07-24 23:15:16
81,homepage,2024-01-01 05:19:49
81,checkout,2024-08-20 14:34:05
81,cart,2024-05-05 21:21:12
81,product_page,2024-07-08 18:08:07
82,cart,2024-01-08 13:32:11
82,homepage,2024-02-13 10:40:57
83,cart,2024-05-20 23:13:33
83,product_page,2024-12-07 06:16:53
84,checkout,2024-11-18 23:41:04
84,cart,2024-11-09 07:41:10
85,cart,2024-04-29 10:14:21
85,checkout,2024-04-02 23:51:26
85,homepage,2024-01-23 11:54:06
85,product_page,2024-04-03 13:05:09
86,homepage,2024-12-06 23:38:33
86,checkout,2024-08-08 08:08:59
86,product_page,2024-01-31 14:04:08
86,cart,2024-02-03 06:20:52
87,product_page,2024-10-11 05:52:23
87,checkout,2024-07-07 17:45:33
88,product_page,2024-11-12 21:53:16
88,cart,2024-01-27 21:06:26
88,checkout,2024-10-22 09:19:33
89,cart,2024-07-25 21:10:52
89,checkout,2024-10-24 10:05:39
90,cart,2024-02-18 20:10:22
90,homepage,2024-02-19 20:41:42
90,checkout,2024-09-13 05:19:24
91,checkout,2024-07-03 13:57:10
91,product_page,2024-08-01 12:32:27
91,homepage,2024-03-05 03:05:41
91,cart,2024-04-12 22:30:24
92,product_page,2024-07-23 22:16:34
92,cart,2024-12-04 19:39:55
92,checkout,2024-08-23 13:51:54
93,checkout,2024-06-13 07:55:53
93,cart,2024-03-23 06:06:08
94,checkout,2024-07-28 10:36:13
94,cart,2024-10-20 07:34:54
94,homepage,2024-10-10 11:27:02
94,product_page,2024-09-24 22:01:56
95,product_page,2024-03-19 02:51:49
95,cart,2024-10-03 21:09:57
96,cart,2024-05-01 01:24:23
96,checkout,2024-06-03 22:52:39
97,product_page,2024-09-17 20:34:34
97,checkout,2024-09-09 09:18:09
97,homepage,2024-05-25 00:31:52
97,cart,2024-06-19 03:23:19
98,cart,2024-12-15 09:00:39
98,homepage,2024-07-20 00:09:23
98,product_page,2024-06-24 08:09:21
99,product_page,2024-02-16 23:50:27
99,cart,2024-04-06 06:38:52
100,cart,2024-03-28 06:19:51
100,checkout,2024-01-25 20:45:52
101,product_page,2024-05-11 07:11:09
101,homepage,2024-01-09 04:03:12
101,cart,2024-08-16 11:26:04
102,checkout,2024-08-03 02:55:22
102,homepage,2024-03-30 08:49:29
103,cart,2024-08-16 12:39:33
103,product_page,2024-03-26 12:34:29
104,product_page,2024-01-03 19:01:24
104,checkout,2024-01-28 13:42:12
104,homepage,2024-10-01 21:33:20
104,cart,2024-09-02 02:18:21
105,homepage,2024-01-23 20:44:35
105,product_page,2024-03-29 21:53:31
105,checkout,2024-01-27 04:12:59
106,checkout,2024-01-13 04:47:23
106,product_page,2024-11-29 20:22:57
107,product_page,2024-05-08 07:49:00
107,homepage,2024-01-28 12:26:18
107,cart,2024-07-18 16:16:56
108,product_page,2024-04-02 10:21:50
108,checkout,2024-04-18 03:35:46
108,cart,2024-09-16 19:19:29
108,homepage,2024-07-07 12:23:27
109,cart,2024-03-24 04:49:54
109,product_page,2024-07-28 10:01:28
110,checkout,2024-02-21 09:14:08
110,cart,2024-10-07 22:08:04
110,product_page,2024-12-08 16:24:22
110,homepage,2024-08-09 18:30:26
111,cart,2024-08-11 18:40:54
111,homepage,2024-07-02 13:36:47
112,cart,2024-04-04 08:53:54
112,homepage,2024-10-31 17:10:59
112,checkout,2024-07-02 16:25:38
112,product_page,2024-11-09 14:25:03
113,cart,2024-06-07 02:04:25
113,product_page,2024-03-14 22:44:56
113,homepage,2024-02-06 15:10:48
114,product_page,2024-02-07 15:27:38
114,checkout,2024-09-12 22:09:51
114,homepage,2024-06-16 09:41:17
115,checkout,2024-05-17 14:17:33
115,homepage,2024-06-13 12:02:20
115,cart,2024-06-08 15:45:03
115,product_page,2024-06-30 08:59:07
116,homepage,2024-12-01 11:32:31
116,cart,2024-10-10 03:28:46
116,product_page,2024-01-22 00:54:43
117,cart,2024-09-18 12:12:44
117,checkout,2024-09-10 18:38:47
117,homepage,2024-09-07 22:49:54
117,product_page,2024-02-08 05:19:15
118,cart,2024-01-24 12:57:03
118,checkout,2024-06-05 08:42:08
118,product_page,2024-10-09 19:26:33
118,homepage,2024-05-11 18:31:46
119,cart,2024-11-06 22:03:46
119,checkout,2024-11-30 15:22:12
119,homepage,2024-02-12 10:27:40
120,checkout,2024-04-06 13:38:42
120,cart,2024-03-15 09:44:56
121,product_page,2024-03-14 20:52:31
121,cart,2024-07-27 06:32:43
121,checkout,2024-06-23 05:22:52
122,homepage,2024-02-24 10:35:37
122,product_page,2024-06-12 20:13:18
122,cart,2024-03-12 06:13:56
123,checkout,2024-04-18 04:13:44
123,cart,2024-06-28 16:00:22
124,cart,2024-04-07 00:21:53
124,product_page,2024-12-05 14:47:59
124,checkout,2024-01-30 06:38:17
124,homepage,2024-06-21 02:16:40
125,product_page,2024-11-09 19:18:47
125,cart,2024-11-30 12:21:19
125,checkout,2024-11-28 10:11:22
125,homepage,2024-08-01 17:24:13
126,homepage,2024-02-08 00:34:31
126,product_page,2024-01-20 15:31:02
126,cart,2024-09-10 06:25:51
126,checkout,2024-07-28 22:38:41
127,cart,2024-11-20 16:20:30
127,homepage,2024-01-06 17:33:11
128,product_page,2024-02-06 05:16:19
128,homepage,2024-10-19 15:44:22
129,product_page,2024-11-25 14:25:03
129,checkout,2024-04-01 19:12:59
130,homepage,2024-03-05 14:07:54
130,product_page,2024-06-06 20:03:12
130,cart,2024-07-07 14:30:12
130,checkout,2024-07-05 22:35:08
131,checkout,2024-03-24 00:16:09
131,product_page,2024-12-01 19:07:32
131,cart,2024-06-04 17:57:59
131,homepage,2024-12-16 11:22:37
132,homepage,2024-01-23 18:31:17
132,checkout,2024-03-04 22:31:45
133,product_page,2024-05-27 04:17:07
133,homepage,2024-01-01 20:05:22
133,checkout,2024-05-31 14:59:40
134,product_page,2024-04-12 23:52:17
134,homepage,2024-10-31 12:04:03
135,product_page,2024-10-31 21:56:09
135,checkout,2024-06-25 16:59:07
135,cart,2024-04-20 18:42:55
136,checkout,2024-06-13 06:42:55
136,cart,2024-09-27 12:42:12
136,product_page,2024-10-10 16:48:10
137,checkout,2024-10-31 05:27:31
137,product_page,2024-08-03 20:08:10
138,product_page,2024-09-14 01:05:15
138,cart,2024-10-06 00:03:01
138,checkout,2024-07-08 00:06:22
139,checkout,2024-03-01 02:48:39
139,cart,2024-03-14 17:58:35
139,homepage,2024-04-25 05:31:02
139,product_page,2024-03-25 13:07:09
140,homepage,2024-01-23 17:06:13
140,cart,2024-08-12 22:21:05
140,product_page,2024-10-12 17:34:03
141,cart,2024-07-29 13:37:32
141,product_page,2024-01-24 16:09:56
142,homepage,2024-10-17 11:38:15
142,checkout,2024-05-01 19:00:31
142,cart,2024-01-23 04:49:08
143,checkout,2024-01-20 11:21:37
143,cart,2024-08-14 20:55:47
144,product_page,2024-07-04 03:59:27
144,homepage,2024-07-14 06:54:18
145,checkout,2024-11-27 03:55:31
145,product_page,2024-07-25 06:27:15
145,cart,2024-03-02 03:22:45
146,homepage,2024-01-23 02:09:21
146,checkout,2024-07-16 05:18:16
146,product_page,2024-02-01 02:41:34
147,homepage,2024-11-26 15:05:15
147,cart,2024-03-13 04:00:51
147,product_page,2024-01-27 14:39:54
148,homepage,2024-08-19 02:07:45
148,product_page,2024-01-27 09:26:28
148,cart,2024-09-19 05:26:13
149,checkout,2024-11-30 16:44:13
149,cart,2024-04-01 08:15:33
149,homepage,2024-06-05 19:27:39
150,product_page,2024-02-16 13:25:27
150,checkout,2024-12-11 18:04:45
150,cart,2024-08-09 05:45:34
151,homepage,2024-04-05 14:53:36
151,product_page,2024-08-12 19:55:00
151,cart,2024-08-18 21:19:12
152,checkout,2024-01-16 10:25:08
152,cart,2024-08-28 13:03:14
152,homepage,2024-02-01 20:08:26
152,product_page,2024-06-11 19:27:33
153,homepage,2024-09-12 07:09:43
153,product_page,2024-08-14 16:13:12
154,homepage,2024-08-07 12:17:48
154,checkout,2024-07-22 00:41:17
154,product_page,2024-05-02 20:46:50
154,cart,2024-04-11 06:30:44
155,product_page,2024-03-20 07:50:01
155,homepage,2024-09-17 02:17:54
155,checkout,2024-10-05 03:23:29
156,cart,2024-05-02 00:24:21
156,homepage,2024-04-02 16:42:51
156,product_page,2024-04-13 03:42:24
157,cart,2024-06-02 16:59:29
157,product_page,2024-02-20 19:52:26
157,checkout,2024-09-17 20:36:23
158,cart,2024-09-07 16:30:12
158,homepage,2024-04-26 12:10:31
158,product_page,2024-06-26 13:38:30
159,homepage,2024-05-02 18:59:06
159,product_page,2024-10-18 23:53:05
160,homepage,2024-01-29 04:09:03
160,cart,2024-01-04 14:49:34
161,homepage,2024-06-26 23:31:50
161,checkout,2024-08-29 05:37:25
162,homepage,2024-08-06 15:28:51
162,cart,2024-02-08 19:53:34
163,product_page,2024-01-29 10:50:21
163,homepage,2024-07-27 19:06:57
164,homepage,2024-03-23 18:44:31
164,cart,2024-07-15 11:11:13
164,checkout,2024-04-12 23:50:49
165,cart,2024-02-21 10:35:04
165,product_page,2024-05-15 12:59:53
165,homepage,2024-12-08 02:14:57
166,homepage,2024-01-27 17:10:53
166,checkout,2024-12-07 11:23:33
166,product_page,2024-04-04 20:53:44
166,cart,2024-05-23 12:14:31
167,homepage,2024-04-20 16:16:30
167,product_page,2024-03-02 06:18:25
167,cart,2024-06-19 04:10:34
167,checkout,2024-11-19 19:03:58
168,product_page,2024-07-29 23:09:30
168,homepage,2024-09-30 05:28:02
168,cart,2024-04-27 11:39:50
168,checkout,2024-08-25 13:14:59
169,cart,2024-11-09 10:43:00
169,checkout,2024-09-10 23:30:03
169,homepage,2024-07-24 10:05:04
169,product_page,2024-01-04 00:54:59
170,checkout,2024-09-16 08:56:10
170,cart,2024-11-13 07:57:45
170,product_page,2024-08-03 09:16:04
171,cart,2024-04-26 06:24:43
171,homepage,2024-09-14 15:13:51
172,checkout,2024-02-10 05:29:46
172,homepage,2024-12-07 00:44:11
172,product_page,2024-02-22 03:41:02
173,checkout,2024-04-12 17:00:03
173,cart,2024-02-14 19:52:23
173,homepage,2024-12-11 12:43:24
174,product_page,2024-02-11 13:38:51
174,cart,2024-10-15 07:49:30
174,checkout,2024-08-02 20:25:05
175,checkout,2024-03-01 08:52:46
175,product_page,2024-04-15 18:28:09
175,cart,2024-04-19 10:09:31
175,homepage,2024-08-22 21:25:21
176,product_page,2024-03-22 19:12:38
176,homepage,2024-10-05 16:37:49
176,checkout,2024-05-13 03:52:33
177,product_page,2024-03-20 01:39:52
177,checkout,2024-09-23 23:56:15
177,cart,2024-09-03 07:31:34
178,homepage,2024-11-27 05:43:25
178,product_page,2024-04-12 12:30:29
178,cart,2024-07-15 06:45:13
179,checkout,2024-07-08 17:26:48
179,homepage,2024-04-07 12:37:10
180,cart,2024-11-24 14:15:29
180,product_page,2024-01-20 17:28:48
180,checkout,2024-02-05 20:17:02
181,cart,2024-09-03 07:57:34
181,checkout,2024-06-13 12:00:44
181,homepage,2024-11-18 02:05:04
181,product_page,2024-04-17 10:50:47
182,product_page,2024-01-18 02:55:06
182,cart,2024-01-02 09:02:53
183,checkout,2024-05-09 12:58:20
183,cart,2024-10-26 11:21:07
183,homepage,2024-02-20 19:19:39
184,checkout,2024-09-04 10:19:37
184,cart,2024-04-11 17:36:00
184,product_page,2024-03-03 18:03:11
184,homepage,2024-10-14 20:46:22
185,homepage,2024-06-20 14:12:19
185,product_page,2024-08-02 06:02:03
186,checkout,2024-10-01 01:17:50
186,cart,2024-06-15 02:19:51
187,cart,2024-08-05 20:01:51
187,checkout,2024-01-04 18:07:41
188,cart,2024-02-13 10:44:24
188,product_page,2024-01-30 05:19:24
188,checkout,2024-12-08 23:08:53
188,homepage,2024-09-25 08:46:10
189,cart,2024-12-17 01:13:29
189,product_page,2024-02-27 21:17:11
189,checkout,2024-07-30 21:16:12
189,homepage,2024-01-14 23:48:23
190,cart,2024-11-20 02:59:21
190,homepage,2024-05-23 09:20:32
190,checkout,2024-08-14 05:22:57
191,product_page,2024-08-02 13:54:25
191,checkout,2024-02-27 12:20:02
191,homepage,2024-06-15 21:54:09
191,cart,2024-02-19 11:52:42
192,product_page,2024-01-17 05:52:23
192,cart,2024-04-29 17:10:33
193,cart,2024-05-21 14:47:54
193,checkout,2024-12-15 03:06:53
193,product_page,2024-11-05 04:23:51
194,product_page,2024-11-30 06:19:46
194,checkout,2024-01-16 11:50:49
195,cart,2024-12-15 02:35:05
195,homepage,2024-05-18 23:01:25
196,homepage,2024-03-22 14:03:18
196,cart,2024-09-21 21:19:20
196,checkout,2024-04-06 21:47:08
197,homepage,2024-09-16 00:16:11
197,checkout,2024-02-09 22:06:21
197,product_page,2024-05-17 08:31:25
198,product_page,2024-10-29 23:12:37
198,cart,2024-08-05 10:29:33
198,checkout,2024-12-09 08:43:57
198,homepage,2024-12-05 16:54:48
199,cart,2024-06-06 19:42:42
199,product_page,2024-08-29 00:59:04
200,checkout,2024-10-18 01:38:15
200,product_page,2024-03-01 00:32:29
200,homepage,2024-04-01 22:33:06
201,cart,2024-12-01 18:42:33
201,product_page,2024-03-04 02:37:34
202,homepage,2024-11-06 15:29:14
202,product_page,2024-11-10 20:56:24
203,homepage,2024-03-09 18:14:51
203,cart,2024-12-08 07:23:40
203,checkout,2024-06-09 02:51:44
204,product_page,2024-01-10 15:01:32
204,cart,2024-03-10 15:45:45
205,homepage,2024-10-13 01:16:42
205,checkout,2024-05-09 00:11:34
205,cart,2024-10-30 20:22:14
206,checkout,2024-06-08 21:26:41
206,cart,2024-11-07 13:22:24
206,homepage,2024-09-17 03:59:13
206,product_page,2024-12-01 13:39:37
207,checkout,2024-10-12 11:13:58
207,product_page,2024-11-10 20:43:52
207,cart,2024-04-06 09:05:10
208,homepage,2024-04-13 14:48:34
208,cart,2024-03-02 19:49:53
208,checkout,2024-11-01 18:51:44
209,product_page,2024-09-29 08:23:11
209,checkout,2024-02-11 23:31:27
210,homepage,2024-05-28 13:32:50
210,checkout,2024-12-04 17:11:01
210,cart,2024-01-16 00:56:22
210,product_page,2024-11-29 10:40:08
211,homepage,2024-07-01 19:08:56
211,checkout,2024-03-27 09:13:57
211,cart,2024-03-18 12:09:12
211,product_page,2024-11-13 03:08:19
212,checkout,2024-06-27 18:20:13
212,product_page,2024-05-15 19:03:09
212,homepage,2024-04-28 12:35:06
213,cart,2024-11-14 15:57:12
213,checkout,2024-11-04 21:09:26
214,checkout,2024-12-04 09:19:09
214,homepage,2024-03-29 09:20:37
214,cart,2024-03-27 13:47:53
215,product_page,2024-01-10 04:34:06
215,checkout,2024-09-13 07:57:18
215,homepage,2024-03-16 00:06:00
216,product_page,2024-06-03 17:58:19
216,cart,2024-05-07 11:37:23
216,homepage,2024-04-18 04:46:07
216,checkout,2024-12-01 16:21:12
217,homepage,2024-01-27 23:02:53
217,checkout,2024-10-27 07:55:36
218,cart,2024-04-18 09:38:00
218,checkout,2024-05-16 08:55:08
219,cart,2024-09-06 03:02:35
219,product_page,2024-07-16 20:00:18
219,homepage,2024-06-04 05:16:21
219,checkout,2024-09-20 21:34:04
220,cart,2024-11-23 15:29:31
220,checkout,2024-07-27 05:53:34
220,product_page,2024-05-08 14:32:25
220,homepage,2024-01-11 17:15:20
221,checkout,2024-02-14 19:03:46
221,product_page,2024-12-06 14:35:25
221,homepage,2024-04-11 10:42:07
221,cart,2024-03-10 08:22:21
222,cart,2024-08-13 11:29:18
222,checkout,2024-04-13 02:19:33
222,product_page,2024-01-15 20:34:58
223,homepage,2024-02-12 02:23:05
223,checkout,2024-08-19 16:26:49
224,homepage,2024-06-17 18:25:40
224,cart,2024-05-14 06:02:14
224,product_page,2024-10-09 22:31:55
224,checkout,2024-11-01 10:02:30
225,checkout,2024-05-01 19:41:04
225,cart,2024-06-18 11:29:08
226,checkout,2024-08-23 10:16:33
226,product_page,2024-07-17 14:48:30
226,homepage,2024-02-14 21:53:48
226,cart,2024-05-29 14:16:53
227,checkout,2024-12-15 07:59:30
227,homepage,2024-08-11 22:11:24
227,product_page,2024-03-14 19:39:45
227,cart,2024-04-08 22:11:09
228,cart,2024-01-18 05:42:44
228,product_page,2024-10-02 06:21:27
228,homepage,2024-06-18 08:21:02
229,cart,2024-01-01 15:45:49
229,product_page,2024-07-20 22:00:31
230,checkout,2024-11-09 05:13:34
230,product_page,2024-07-28 02:44:10
230,cart,2024-09-23 17:58:21
230,homepage,2024-10-06 09:34:24
231,homepage,2024-10-15 03:28:33
231,product_page,2024-10-13 05:41:21
231,cart,2024-09-17 10:42:38
232,homepage,2024-03-17 12:30:01
232,product_page,2024-05-21 10:47:24
232,checkout,2024-06-16 11:58:59
233,checkout,2024-01-28 04:12:11
233,product_page,2024-09-14 23:08:38
233,homepage,2024-05-08 05:41:14
233,cart,2024-08-30 00:13:45
234,cart,2024-05-01 21:54:21
234,checkout,2024-09-14 15:13:09
234,product_page,2024-11-25 08:04:31
234,homepage,2024-02-18 09:35:31
235,product_page,2024-10-06 12:35:45
235,checkout,2024-12-15 13:02:40
236,product_page,2024-04-26 15:12:23
236,checkout,2024-07-15 22:43:27
236,cart,2024-04-30 02:44:31
236,homepage,2024-09-15 23:53:32
237,homepage,2024-06-07 14:29:52
237,cart,2024-05-06 16:14:42
238,product_page,2024-06-05 06:38:36
238,cart,2024-09-27 18:27:12
238,homepage,2024-04-24 19:42:22
238,checkout,2024-08-03 07:29:55
239,homepage,2024-02-19 10:24:29
239,cart,2024-03-15 12:04:45
239,product_page,2024-06-12 06:50:37
239,checkout,2024-09-15 05:35:29
240,homepage,2024-05-27 05:53:24
240,product_page,2024-09-20 01:03:38
241,product_page,2024-10-17 13:07:10
241,checkout,2024-12-16 14:45:27
242,cart,2024-03-08 14:03:08
242,checkout,2024-08-27 01:00:53
242,product_page,2024-08-09 00:26:43
242,homepage,2024-04-26 21:03:22
243,checkout,2024-06-06 16:53:41
243,homepage,2024-07-31 19:08:41
243,product_page,2024-11-19 18:52:54
244,product_page,2024-01-01 03:47:01
244,checkout,2024-04-28 00:19:11
244,homepage,2024-04-21 10:13:46
244,cart,2024-03-22 15:02:40
245,cart,2024-06-15 22:50:52
245,product_page,2024-11-01 03:48:11
246,cart,2024-08-13 05:50:59
246,homepage,2024-08-23 14:29:44
246,product_page,2024-09-11 06:17:55
247,cart,2024-05-05 03:34:49
247,checkout,2024-06-29 14:00:14
247,product_page,2024-06-20 13:44:38
247,homepage,2024-06-20 17:13:40
248,checkout,2024-09-19 09:18:08
248,product_page,2024-03-23 23:50:29
248,cart,2024-07-17 12:29:13
249,checkout,2024-07-02 18:24:53
249,product_page,2024-11-04 06:09:00
249,cart,2024-12-15 23:36:50
249,homepage,2024-11-05 03:29:18
250,product_page,2024-10-12 19:39:28
250,cart,2024-03-06 21:38:18
250,checkout,2024-09-12 20:56:02
250,homepage,2024-02-02 22:21:06
251,homepage,2024-04-20 05:04:51
251,product_page,2024-07-19 04:21:39
251,cart,2024-09-14 19:33:58
252,checkout,2024-09-02 19:26:10
252,product_page,2024-08-28 11:55:44
252,homepage,2024-05-10 04:10:51
252,cart,2024-02-06 06:25:54
253,product_page,2024-11-13 20:15:34
253,cart,2024-10-18 17:06:53
254,cart,2024-04-01 05:08:02
254,homepage,2024-09-18 06:54:36
254,product_page,2024-04-30 13:19:08
254,checkout,2024-03-28 05:48:09
255,checkout,2024-11-09 05:42:39
255,homepage,2024-03-18 08:01:31
255,cart,2024-02-27 05:26:18
255,product_page,2024-01-10 11:39:40
256,product_page,2024-01-18 22:44:35
256,homepage,2024-04-05 02:05:52
256,checkout,2024-07-03 12:35:30
256,cart,2024-08-25 09:29:10
257,checkout,2024-11-26 00:07:45
257,cart,2024-10-25 10:50:23
257,homepage,2024-01-29 06:48:29
258,checkout,2024-06-25 20:47:10
258,product_page,2024-06-09 22:52:12
258,cart,2024-12-10 03:23:40
259,homepage,2024-09-01 13:50:19
259,cart,2024-08-11 13:38:30
259,checkout,2024-03-16 12:16:03
259,product_page,2024-10-05 23:28:09
260,cart,2024-09-27 10:29:31
260,homepage,2024-05-29 02:56:19
260,checkout,2024-07-10 23:55:45
260,product_page,2024-06-04 05:02:04
261,homepage,2024-04-04 18:05:59
261,product_page,2024-02-27 07:27:52
262,cart,2024-09-11 18:54:13
262,homepage,2024-09-24 01:06:19
263,cart,2024-01-03 03:40:53
263,homepage,2024-12-12 16:11:33
264,cart,2024-10-18 15:29:46
264,product_page,2024-11-30 03:53:14
264,checkout,2024-10-26 01:21:02
265,product_page,2024-12-09 21:08:02
265,cart,2024-02-11 09:27:56
266,product_page,2024-10-29 07:24:14
266,homepage,2024-06-14 02:38:59
266,cart,2024-03-25 23:44:50
267,checkout,2024-03-09 07:22:57
267,cart,2024-11-08 06:50:49
268,product_page,2024-09-27 06:22:04
268,checkout,2024-07-20 03:42:58
268,homepage,2024-06-29 09:55:07
268,cart,2024-01-20 12:04:09
269,cart,2024-08-04 11:23:54
269,product_page,2024-04-06 18:41:46
269,checkout,2024-11-25 11:04:04
270,homepage,2024-02-17 03:08:38
270,product_page,2024-06-26 06:31:57
270,cart,2024-02-21 18:48:37
270,checkout,2024-11-07 05:44:38
271,checkout,2024-06-29 10:47:19
271,product_page,2024-09-16 06:16:31
272,cart,2024-07-25 06:30:28
272,checkout,2024-08-05 01:33:40
272,product_page,2024-08-19 06:01:04
272,homepage,2024-05-03 05:25:52
273,cart,2024-10-20 07:26:25
273,homepage,2024-12-12 04:41:30
273,product_page,2024-06-20 21:04:59
274,homepage,2024-08-25 22:20:00
274,checkout,2024-11-12 12:24:40
274,product_page,2024-10-06 08:07:09
275,cart,2024-12-12 10:13:54
275,checkout,2024-07-15 00:52:24
275,product_page,2024-06-14 17:30:43
275,homepage,2024-11-18 13:27:56
276,checkout,2024-07-31 18:32:12
276,product_page,2024-06-22 04:12:57
277,homepage,2024-12-14 10:35:08
277,cart,2024-03-02 19:27:33
278,checkout,2024-10-15 19:22:15
278,product_page,2024-11-30 13:42:52
278,homepage,2024-07-03 08:17:11
278,cart,2024-06-23 18:57:15
279,product_page,2024-04-10 15:50:25
279,cart,2024-10-18 23:04:03
280,product_page,2024-04-06 00:26:28
280,cart,2024-11-22 04:05:22
280,homepage,2024-09-04 15:26:07
281,homepage,2024-04-17 16:43:44
281,product_page,2024-10-24 09:54:03
281,cart,2024-10-29 00:27:17
281,checkout,2024-07-21 10:51:59
282,cart,2024-07-07 04:46:17
282,checkout,2024-08-31 09:43:07
282,homepage,2024-04-02 21:55:59
282,product_page,2024-04-16 15:26:01
283,cart,2024-06-19 19:54:35
283,checkout,2024-01-31 02:11:49
283,product_page,2024-10-04 02:43:12
284,product_page,2024-04-20 23:10:45
284,homepage,2024-04-01 01:38:18
285,cart,2024-04-15 12:34:06
285,checkout,2024-05-10 10:19:33
285,product_page,2024-05-04 03:54:32
285,homepage,2024-12-12 19:36:48
286,checkout,2024-07-28 18:35:01
286,product_page,2024-02-01 07:02:17
286,cart,2024-02-23 17:44:23
287,checkout,2024-02-28 13:50:37
287,homepage,2024-03-30 19:30:47
288,product_page,2024-05-28 18:08:51
288,cart,2024-09-26 12:04:51
289,checkout,2024-02-29 08:14:53
289,cart,2024-10-01 08:18:13
289,product_page,2024-03-24 02:11:07
289,homepage,2024-01-25 22:39:22
290,homepage,2024-06-10 02:50:56
290,product_page,2024-06-07 07:06:05
290,checkout,2024-05-08 12:02:17
291,cart,2024-07-29 17:30:08
291,checkout,2024-06-29 22:43:45
291,product_page,2024-06-10 11:17:48
292,checkout,2024-01-25 04:21:30
292,cart,2024-03-21 07:50:10
292,product_page,2024-11-19 11:06:30
292,homepage,2024-06-12 04:01:17
293,product_page,2024-05-31 06:11:13
293,checkout,2024-12-17 09:42:21
293,homepage,2024-10-25 23:00:59
293,cart,2024-08-14 20:00:52
294,product_page,2024-09-27 02:44:38
294,cart,2024-01-08 14:03:03
294,homepage,2024-11-28 17:19:16
294,checkout,2024-12-08 00:18:54
295,cart,2024-10-24 07:51:31
295,checkout,2024-08-11 13:49:22
295,product_page,2024-05-27 17:24:29
295,homepage,2024-07-04 05:46:24
296,homepage,2024-01-03 06:57:19
296,checkout,2024-05-16 14:37:46
297,checkout,2024-04-25 23:16:17
297,homepage,2024-10-19 14:53:49
297,cart,2024-05-31 10:56:20
298,product_page,2024-11-27 10:42:41
298,checkout,2024-12-12 06:42:05
299,cart,2024-11-20 13:33:20
299,checkout,2024-06-11 17:33:41
299,product_page,2024-07-28 00:34:45
300,product_page,2024-10-17 07:21:03
300,checkout,2024-10-12 07:17:08
300,homepage,2024-07-31 02:19:19
300,cart,2024-11-06 15:18:42
301,checkout,2024-08-22 06:43:17
301,product_page,2024-12-14 16:12:29
301,homepage,2024-03-26 15:34:10
301,cart,2024-07-08 14:37:42
302,checkout,2024-03-26 05:09:28
302,product_page,2024-04-15 23:56:29
303,cart,2024-06-18 06:17:08
303,homepage,2024-07-07 14:30:41
304,cart,2024-01-12 06:31:51
304,checkout,2024-05-31 00:24:42
304,product_page,2024-05-10 12:57:15
304,homepage,2024-09-16 18:21:14
305,cart,2024-09-20 18:03:40
305,homepage,2024-11-05 23:13:32
305,checkout,2024-06-06 00:30:16
306,homepage,2024-10-08 05:51:34
306,cart,2024-03-05 02:19:42
306,checkout,2024-11-22 10:04:50
307,homepage,2024-06-30 12:23:30
307,checkout,2024-02-19 13:34:38
307,product_page,2024-08-29 15:51:18
307,cart,2024-07-26 10:23:35
308,product_page,2024-01-11 11:20:43
308,homepage,2024-06-02 00:32:05
309,product_page,2024-08-17 20:50:25
309,cart,2024-08-07 04:30:52
309,homepage,2024-09-14 11:36:20
309,checkout,2024-01-11 12:36:33
310,product_page,2024-02-02 14:26:49
310,cart,2024-09-06 14:51:39
310,homepage,2024-06-15 10:57:38
311,product_page,2024-02-22 16:48:39
311,homepage,2024-12-02 15:38:24
311,checkout,2024-06-28 07:20:29
312,homepage,2024-03-11 13:50:14
312,cart,2024-01-20 12:41:12
313,product_page,2024-04-11 00:49:57
313,homepage,2024-05-27 05:30:14
314,product_page,2024-05-07 03:08:52
314,cart,2024-03-23 04:49:00
314,checkout,2024-06-25 14:06:17
315,product_page,2024-05-06 22:25:25
315,checkout,2024-05-11 01:43:59
316,product_page,2024-10-22 15:10:30
316,cart,2024-12-07 14:50:20
317,homepage,2024-05-27 05:42:44
317,cart,2024-04-18 01:32:22
317,checkout,2024-10-19 01:14:22
318,checkout,2024-11-19 02:05:46
318,product_page,2024-06-12 17:16:08
318,homepage,2024-04-07 23:20:27
319,product_page,2024-11-20 05:56:01
319,cart,2024-02-01 19:25:17
319,homepage,2024-07-01 15:34:38
320,cart,2024-01-08 12:39:55
320,product_page,2024-10-17 21:24:43
320,homepage,2024-07-28 11:44:59
320,checkout,2024-01-21 05:28:22
321,checkout,2024-05-15 21:52:00
321,product_page,2024-03-28 01:54:07
321,homepage,2024-09-09 11:46:55
322,checkout,2024-01-27 15:34:10
322,homepage,2024-10-30 09:37:11
322,cart,2024-09-10 02:47:37
323,product_page,2024-01-16 15:13:58
323,homepage,2024-10-19 21:57:46
323,cart,2024-01-13 01:13:13
324,cart,2024-04-06 00:50:50
324,product_page,2024-03-18 10:10:34
324,checkout,2024-11-21 22:10:47
325,checkout,2024-01-08 21:57:19
325,homepage,2024-08-29 07:16:05
325,cart,2024-02-29 04:18:23
326,product_page,2024-04-02 15:24:00
326,checkout,2024-02-19 00:27:53
326,cart,2024-07-02 21:54:32
326,homepage,2024-09-16 23:48:31
327,cart,2024-02-14 10:11:12
327,product_page,2024-08-07 00:34:38
327,checkout,2024-03-25 15:34:36
328,homepage,2024-06-29 14:25:51
328,product_page,2024-09-28 15:29:09
328,cart,2024-04-09 12:21:51
329,cart,2024-10-24 20:00:30
329,product_page,2024-05-23 06:21:08
329,homepage,2024-03-06 03:54:29
330,checkout,2024-08-23 07:19:45
330,homepage,2024-08-23 19:57:24
330,cart,2024-10-17 11:10:20
330,product_page,2024-10-05 23:34:28
331,checkout,2024-02-14 11:31:25
331,homepage,2024-10-29 01:32:44
332,cart,2024-11-14 04:26:25
332,homepage,2024-03-04 14:24:28
332,checkout,2024-04-30 19:05:34
332,product_page,2024-02-11 23:33:12
333,homepage,2024-08-12 17:43:57
333,product_page,2024-01-10 23:20:24
333,cart,2024-05-01 03:39:08
333,checkout,2024-08-11 14:48:52
334,homepage,2024-09-20 01:20:03
334,product_page,2024-05-25 18:06:51
334,cart,2024-06-03 01:05:14
334,checkout,2024-10-04 16:25:12
335,product_page,2024-03-18 00:34:03
335,homepage,2024-01-30 12:20:18
336,checkout,2024-08-17 22:45:07
336,homepage,2024-09-25 04:59:34
336,cart,2024-11-18 13:29:19
336,product_page,2024-08-31 14:19:22
337,cart,2024-04-04 07:31:13
337,homepage,2024-02-09 13:47:20
337,product_page,2024-09-27 18:18:35
337,checkout,2024-10-27 00:02:37
338,homepage,2024-04-27 02:57:15
338,cart,2024-11-26 05:18:26
338,product_page,2024-09-22 17:45:23
339,product_page,2024-08-21 04:14:30
339,checkout,2024-11-08 20:03:53
340,cart,2024-02-17 00:18:53
340,product_page,2024-11-05 05:22:31
340,checkout,2024-08-07 18:52:25
340,homepage,2024-10-30 22:41:24
341,product_page,2024-01-16 22:47:31
341,cart,2024-05-14 20:10:25
342,checkout,2024-07-25 21:32:44
342,homepage,2024-06-15 08:46:20
342,cart,2024-09-13 21:49:32
342,product_page,2024-05-23 21:58:15
343,product_page,2024-01-27 18:43:24
343,checkout,2024-07-15 11:53:46
344,checkout,2024-09-08 11:32:26
344,product_page,2024-05-12 12:30:18
344,homepage,2024-01-05 21:55:35
345,cart,2024-11-25 22:37:07
345,checkout,2024-06-12 03:13:52
345,product_page,2024-11-15 08:40:46
346,homepage,2024-07-09 09:00:39
346,checkout,2024-02-10 23:41:36
346,cart,2024-06-17 08:43:51
346,product_page,2024-05-20 15:50:13
347,homepage,2024-09-03 20:04:57
347,cart,2024-12-12 06:04:53
347,checkout,2024-11-17 20:06:43
347,product_page,2024-06-27 13:04:52
348,checkout,2024-10-01 16:35:39
348,product_page,2024-02-29 09:58:51
348,cart,2024-06-18 03:02:03
349,cart,2024-03-09 09:42:55
349,homepage,2024-10-11 23:28:04
349,checkout,2024-07-21 15:01:55
350,checkout,2024-09-09 14:42:09
350,homepage,2024-04-14 21:21:01
350,product_page,2024-08-27 04:43:09
351,checkout,2024-11-09 20:57:45
351,cart,2024-07-28 00:08:06
351,product_page,2024-10-27 20:10:53
351,homepage,2024-07-06 18:31:24
352,checkout,2024-06-29 12:56:15
352,cart,2024-06-18 03:50:54
353,homepage,2024-11-16 16:24:15
353,checkout,2024-10-10 21:39:29
354,product_page,2024-08-18 02:15:49
354,homepage,2024-04-14 05:37:39
354,checkout,2024-05-05 04:05:47
355,cart,2024-11-26 18:32:31
355,homepage,2024-04-05 08:10:50
355,checkout,2024-11-18 14:58:27
356,checkout,2024-02-03 15:45:24
356,homepage,2024-04-18 07:47:58
356,cart,2024-12-08 09:23:53
357,product_page,2024-06-24 01:46:45
357,cart,2024-04-04 16:58:19
357,checkout,2024-10-18 10:56:45
358,checkout,2024-06-29 11:23:48
358,cart,2024-08-09 07:23:01
359,checkout,2024-08-25 00:42:13
359,homepage,2024-09-16 11:58:04
360,homepage,2024-05-27 04:26:10
360,product_page,2024-05-10 15:26:37
360,cart,2024-01-12 03:30:12
361,checkout,2024-07-10 23:16:13
361,cart,2024-11-26 11:27:19
361,product_page,2024-05-06 05:21:05
361,homepage,2024-03-11 14:52:13
362,checkout,2024-07-08 08:17:41
362,homepage,2024-03-23 09:06:01
363,product_page,2024-05-17 19:12:30
363,cart,2024-11-05 20:20:11
363,checkout,2024-04-10 08:01:08
364,cart,2024-05-12 04:11:16
364,homepage,2024-04-18 14:36:21
364,product_page,2024-12-07 21:10:36
364,checkout,2024-08-19 12:34:02
365,checkout,2024-09-29 07:30:22
365,cart,2024-12-07 19:11:42
366,homepage,2024-04-17 07:00:35
366,product_page,2024-08-03 20:20:52
366,cart,2024-01-04 22:36:54
367,cart,2024-07-19 15:18:53
367,homepage,2024-03-15 04:46:29
367,product_page,2024-02-03 05:58:14
367,checkout,2024-04-03 17:36:05
368,homepage,2024-10-06 15:34:56
368,cart,2024-06-06 20:11:04
369,product_page,2024-07-08 17:52:32
369,checkout,2024-08-03 14:37:02
369,cart,2024-10-21 10:36:24
369,homepage,2024-04-03 07:58:53
370,homepage,2024-09-25 04:56:44
370,checkout,2024-07-03 21:30:33
371,product_page,2024-09-07 20:15:04
371,homepage,2024-10-03 10:51:07
371,cart,2024-07-09 14:47:11
372,homepage,2024-06-23 01:17:22
372,checkout,2024-11-03 22:40:12
372,product_page,2024-01-07 16:43:07
372,cart,2024-02-06 03:19:12
373,checkout,2024-04-24 06:28:27
373,cart,2024-03-27 01:25:41
373,product_page,2024-06-06 01:17:30
373,homepage,2024-09-25 15:55:25
374,checkout,2024-04-04 11:46:06
374,homepage,2024-04-28 22:02:49
375,checkout,2024-09-14 20:33:21
375,cart,2024-08-13 20:29:27
375,product_page,2024-05-23 07:31:11
376,homepage,2024-07-02 19:06:26
376,product_page,2024-08-02 22:44:30
376,checkout,2024-07-25 04:33:03
377,checkout,2024-05-13 12:03:04
377,product_page,2024-06-14 05:58:58
377,homepage,2024-10-16 16:37:19
378,cart,2024-08-01 17:59:32
378,product_page,2024-05-08 11:11:54
379,homepage,2024-05-16 15:06:42
379,cart,2024-09-29 23:04:58
380,checkout,2024-06-25 05:12:44
380,product_page,2024-04-15 05:07:26
380,homepage,2024-04-29 01:56:00
380,cart,2024-04-07 15:15:07
381,product_page,2024-03-30 12:46:13
381,checkout,2024-02-16 20:35:39
381,cart,2024-10-07 02:51:26
381,homepage,2024-03-15 19:00:56
382,checkout,2024-05-02 13:07:12
382,homepage,2024-02-16 10:19:51
383,homepage,2024-10-15 12:09:12
383,cart,2024-07-27 02:36:50
383,checkout,2024-10-23 00:07:19
384,product_page,2024-09-25 00:47:26
384,cart,2024-03-12 21:43:17
385,checkout,2024-03-15 09:17:28
385,cart,2024-03-25 00:51:03
385,homepage,2024-10-13 20:17:39
386,cart,2024-07-07 01:03:28
386,product_page,2024-04-17 09:09:47
386,checkout,2024-10-08 09:37:18
387,cart,2024-08-16 23:20:53
387,checkout,2024-10-22 05:39:04
387,homepage,2024-07-22 17:58:12
388,cart,2024-08-19 18:29:34
388,homepage,2024-04-19 21:44:20
388,product_page,2024-02-09 00:58:16
388,checkout,2024-11-19 08:39:31
389,checkout,2024-03-16 09:18:25
389,product_page,2024-04-25 01:13:01
389,cart,2024-03-29 08:17:48
389,homepage,2024-05-20 03:39:19
390,homepage,2024-03-10 16:30:59
390,cart,2024-04-27 09:20:17
390,checkout,2024-01-06 11:52:20
391,cart,2024-10-01 23:12:38
391,checkout,2024-07-26 10:29:59
391,product_page,2024-02-19 03:50:19
392,homepage,2024-04-16 12:46:00
392,product_page,2024-01-18 16:14:13
393,checkout,2024-01-22 04:13:09
393,cart,2024-08-02 21:40:45
393,product_page,2024-04-23 10:54:39
393,homepage,2024-09-27 20:24:04
394,homepage,2024-02-19 01:00:36
394,cart,2024-09-04 17:22:33
394,product_page,2024-12-03 06:38:42
394,checkout,2024-10-19 08:31:53
395,cart,2024-07-09 15:19:15
395,product_page,2024-02-09 20:11:10
396,product_page,2024-12-04 22:20:15
396,checkout,2024-01-05 18:19:18
397,product_page,2024-08-10 22:39:58
397,homepage,2024-04-20 10:14:04
397,cart,2024-07-01 07:05:47
398,homepage,2024-07-04 21:56:23
398,product_page,2024-06-20 01:28:00
399,homepage,2024-05-12 07:36:34
399,cart,2024-03-12 14:23:38
400,product_page,2024-01-20 22:51:56
400,cart,2024-04-08 01:16:08
400,checkout,2024-11-30 15:50:24
401,product_page,2024-07-04 12:45:31
401,homepage,2024-02-14 07:22:09
402,product_page,2024-11-15 06:40:23
402,cart,2024-01-26 09:02:41
402,checkout,2024-06-04 14:51:50
402,homepage,2024-07-09 23:24:36
403,cart,2024-01-29 18:29:45
403,checkout,2024-08-12 02:13:37
403,homepage,2024-09-01 10:51:33
404,cart,2024-09-23 14:11:14
404,checkout,2024-01-21 19:40:22
404,product_page,2024-02-28 22:11:53
405,product_page,2024-02-27 22:37:20
405,checkout,2024-11-11 00:23:31
406,product_page,2024-08-06 14:02:42
406,checkout,2024-04-27 23:57:08
406,cart,2024-02-03 01:56:36
407,cart,2024-04-06 09:18:26
407,product_page,2024-02-16 00:02:54
407,checkout,2024-08-04 17:37:03
408,product_page,2024-10-23 21:07:45
408,cart,2024-06-10 15:01:22
409,cart,2024-08-23 11:17:24
409,homepage,2024-08-19 12:18:17
410,checkout,2024-11-03 02:14:19
410,product_page,2024-08-28 04:04:36
410,homepage,2024-03-28 15:33:23
410,cart,2024-10-28 05:59:16
411,homepage,2024-07-21 22:43:44
411,checkout,2024-05-27 17:22:48
411,product_page,2024-06-23 23:05:56
412,product_page,2024-06-20 22:27:31
412,checkout,2024-04-25 11:31:55
412,homepage,2024-11-30 01:20:03
413,checkout,2024-08-16 13:27:06
413,product_page,2024-06-15 12:59:01
414,checkout,2024-04-28 14:21:00
414,homepage,2024-08-08 20:00:38
415,cart,2024-08-29 04:23:39
415,homepage,2024-01-24 09:23:13
415,product_page,2024-08-24 18:10:18
416,cart,2024-10-14 10:07:56
416,homepage,2024-02-08 12:55:26
417,cart,2024-10-23 05:13:30
417,homepage,2024-03-21 16:43:25
418,cart,2024-08-30 22:13:21
418,homepage,2024-03-22 22:53:50
418,checkout,2024-04-12 18:40:50
418,product_page,2024-09-13 11:38:11
419,checkout,2024-02-01 12:43:19
419,cart,2024-03-01 23:52:41
419,homepage,2024-04-03 03:42:19
420,checkout,2024-03-08 12:03:34
420,product_page,2024-08-02 08:56:26
420,homepage,2024-01-30 03:39:19
420,cart,2024-03-01 18:59:23
421,cart,2024-01-02 00:56:22
421,homepage,2024-06-07 15:39:35
422,checkout,2024-06-23 22:59:55
422,homepage,2024-09-24 17:24:16
423,product_page,2024-08-18 14:43:17
423,checkout,2024-07-01 11:54:06
423,homepage,2024-04-23 02:44:00
424,product_page,2024-01-13 16:13:31
424,checkout,2024-03-30 21:30:53
425,checkout,2024-04-21 21:19:55
425,homepage,2024-10-01 13:18:21
425,cart,2024-04-19 19:07:34
425,product_page,2024-09-30 00:19:08
426,homepage,2024-11-29 20:06:55
426,cart,2024-06-25 07:52:43
426,checkout,2024-01-28 15:26:36
426,product_page,2024-09-23 22:53:30
427,checkout,2024-03-31 15:40:03
427,homepage,2024-04-12 17:49:40
427,product_page,2024-11-01 23:05:21
428,checkout,2024-11-03 06:57:48
428,homepage,2024-08-30 17:57:46
429,homepage,2024-08-17 01:14:14
429,cart,2024-09-13 18:40:21
429,product_page,2024-11-08 04:56:38
429,checkout,2024-03-17 19:48:31
430,homepage,2024-06-14 02:34:56
430,product_page,2024-02-14 13:47:33
430,cart,2024-07-30 11:41:21
430,checkout,2024-03-28 07:22:33
431,checkout,2024-09-08 12:23:35
431,product_page,2024-02-27 20:40:54
431,cart,2024-04-13 03:52:26
431,homepage,2024-11-17 00:45:39
432,homepage,2024-02-25 05:44:17
432,product_page,2024-01-28 17:35:16
432,checkout,2024-01-24 03:52:00
433,homepage,2024-03-05 10:30:44
433,cart,2024-11-03 19:50:01
433,product_page,2024-04-29 11:08:59
433,checkout,2024-08-19 02:12:44
434,cart,2024-10-17 20:47:30
434,checkout,2024-11-16 02:28:35
435,product_page,2024-08-09 01:23:39
435,cart,2024-04-22 02:02:44
435,checkout,2024-06-19 13:12:24
436,checkout,2024-02-18 07:03:36
436,cart,2024-07-01 00:34:54
436,homepage,2024-09-24 10:56:38
436,product_page,2024-04-28 02:20:07
437,checkout,2024-09-28 17:59:26
437,homepage,2024-06-05 07:39:04
438,product_page,2024-04-15 17:31:06
438,homepage,2024-07-13 08:44:19
438,cart,2024-07-28 16:59:34
439,cart,2024-07-10 18:30:18
439,product_page,2024-06-19 00:12:30
440,checkout,2024-02-01 05:46:20
440,cart,2024-08-20 06:06:20
440,product_page,2024-01-16 11:31:45
440,homepage,2024-12-11 10:01:19
441,product_page,2024-06-16 18:47:56
441,checkout,2024-10-12 06:21:08
442,homepage,2024-05-05 04:15:17
442,cart,2024-08-22 11:01:08
442,product_page,2024-04-07 05:35:52
443,homepage,2024-01-11 01:04:41
443,product_page,2024-02-05 11:13:41
443,cart,2024-03-29 21:43:48
444,checkout,2024-09-18 20:54:58
444,product_page,2024-11-20 15:41:56
444,cart,2024-11-30 04:35:54
445,checkout,2024-08-11 09:14:39
445,cart,2024-08-16 00:22:56
446,cart,2024-01-09 01:21:41
446,checkout,2024-10-24 00:05:00
446,product_page,2024-09-18 02:07:06
447,checkout,2024-11-15 00:12:03
447,homepage,2024-04-14 16:01:29
448,product_page,2024-08-11 19:00:40
448,cart,2024-01-16 14:59:10
448,checkout,2024-10-23 08:41:29
449,homepage,2024-10-20 16:56:11
449,checkout,2024-03-09 00:53:45
449,product_page,2024-07-01 17:23:07
450,cart,2024-07-20 13:05:36
450,product_page,2024-09-10 00:30:30
450,checkout,2024-06-20 17:52:36
450,homepage,2024-04-18 00:36:25
451,checkout,2024-03-11 11:36:05
451,product_page,2024-08-15 07:40:03
452,homepage,2024-06-18 06:44:33
452,cart,2024-09-03 12:37:20
452,product_page,2024-11-12 05:18:46
453,checkout,2024-07-09 23:12:59
453,product_page,2024-02-05 10:26:27
453,homepage,2024-07-01 12:48:51
453,cart,2024-05-15 03:13:55
454,checkout,2024-06-07 14:04:48
454,product_page,2024-05-09 10:39:33
454,homepage,2024-05-04 16:28:47
454,cart,2024-09-17 06:05:49
455,checkout,2024-02-10 14:56:29
455,homepage,2024-11-29 02:39:06
456,homepage,2024-03-03 10:59:46
456,checkout,2024-05-08 01:59:34
457,cart,2024-06-08 20:48:37
457,product_page,2024-09-26 09:30:26
457,checkout,2024-07-11 10:06:21
457,homepage,2024-04-21 22:23:04
458,product_page,2024-09-14 07:43:34
458,cart,2024-06-04 12:29:07
458,checkout,2024-11-11 22:59:06
458,homepage,2024-10-22 08:22:17
459,checkout,2024-08-01 15:16:19
459,homepage,2024-01-15 06:02:31
459,cart,2024-06-25 15:17:05
460,cart,2024-02-04 04:46:36
460,product_page,2024-05-02 03:30:44
460,checkout,2024-04-08 00:31:40
460,homepage,2024-05-05 13:07:48
461,homepage,2024-02-15 00:28:03
461,checkout,2024-10-27 00:40:06
462,product_page,2024-06-05 23:11:04
462,checkout,2024-12-01 21:33:03
462,cart,2024-07-18 20:23:04
462,homepage,2024-11-16 08:52:43
463,cart,2024-01-01 10:43:43
463,checkout,2024-09-12 09:50:20
463,product_page,2024-12-03 15:05:32
464,cart,2024-07-29 17:20:19
464,checkout,2024-06-28 09:55:53
465,product_page,2024-06-09 11:44:47
465,homepage,2024-01-22 01:13:07
465,cart,2024-03-13 20:23:45
466,checkout,2024-07-20 08:12:19
466,homepage,2024-05-20 12:01:40
467,checkout,2024-08-29 19:22:05
467,homepage,2024-10-20 18:33:40
467,product_page,2024-07-12 14:17:32
467,cart,2024-08-30 21:13:55
468,homepage,2024-06-20 16:07:13
468,cart,2024-10-22 03:37:30
468,product_page,2024-01-21 01:03:23
468,checkout,2024-03-20 01:18:01
469,product_page,2024-04-13 17:08:40
469,checkout,2024-08-01 07:05:53
470,product_page,2024-02-20 21:07:54
470,homepage,2024-04-21 20:37:34
470,cart,2024-06-19 03:32:16
470,checkout,2024-12-08 02:05:07
471,checkout,2024-09-28 04:09:43
471,homepage,2024-07-07 05:50:29
472,cart,2024-02-17 03:46:23
472,product_page,2024-01-12 05:04:57
472,homepage,2024-09-01 16:13:59
473,homepage,2024-08-24 11:05:42
473,checkout,2024-11-06 10:08:38
473,product_page,2024-04-02 22:24:50
473,cart,2024-10-02 15:39:19
474,checkout,2024-03-02 12:11:29
474,cart,2024-04-30 16:24:04
474,product_page,2024-08-01 22:11:30
474,homepage,2024-01-06 07:27:18
475,homepage,2024-08-02 11:21:22
475,checkout,2024-06-07 10:44:55
475,product_page,2024-02-06 04:46:21
475,cart,2024-03-28 06:21:42
476,checkout,2024-11-22 18:28:09
476,cart,2024-02-14 01:32:03
476,product_page,2024-06-28 05:00:21
477,product_page,2024-02-15 14:51:49
477,homepage,2024-09-08 13:05:30
478,homepage,2024-11-19 04:08:11
478,checkout,2024-02-29 19:06:53
478,cart,2024-07-12 13:11:46
479,product_page,2024-10-05 07:13:37
479,homepage,2024-04-23 08:20:48
479,checkout,2024-07-16 15:01:51
480,product_page,2024-09-30 22:54:46
480,checkout,2024-04-16 04:30:17
480,cart,2024-06-10 08:39:02
480,homepage,2024-11-20 04:11:27
481,product_page,2024-07-06 09:13:19
481,cart,2024-07-02 09:24:26
481,checkout,2024-04-04 15:44:12
482,cart,2024-06-26 09:33:30
482,checkout,2024-08-02 02:09:46
483,homepage,2024-02-26 04:09:39
483,cart,2024-05-28 23:16:50
483,checkout,2024-03-15 00:37:02
483,product_page,2024-08-20 18:36:14
484,cart,2024-07-16 09:08:54
484,checkout,2024-10-16 19:57:02
485,homepage,2024-12-07 11:54:53
485,checkout,2024-02-23 00:20:59
486,cart,2024-12-01 13:18:53
486,checkout,2024-01-28 02:40:37
487,checkout,2024-04-17 06:48:44
487,cart,2024-10-27 01:51:15
488,homepage,2024-11-02 19:23:28
488,product_page,2024-11-27 19:42:02
488,cart,2024-06-10 03:32:37
488,checkout,2024-05-11 23:52:00
489,product_page,2024-11-01 22:03:30
489,cart,2024-07-16 04:27:29
489,checkout,2024-04-13 18:13:46
490,checkout,2024-11-14 16:04:31
490,homepage,2024-01-01 23:54:35
490,cart,2024-04-19 20:15:01
491,checkout,2024-10-08 23:17:08
491,product_page,2024-04-25 22:44:31
492,checkout,2024-11-21 05:50:28
492,homepage,2024-08-15 22:39:21
492,product_page,2024-08-13 05:16:39
493,product_page,2024-09-13 07:05:37
493,checkout,2024-07-09 03:46:43
493,cart,2024-12-02 00:48:47
493,homepage,2024-02-27 17:00:34
494,product_page,2024-06-22 10:07:24
494,checkout,2024-07-28 03:56:05
494,homepage,2024-07-07 02:23:20
495,product_page,2024-05-14 00:47:17
495,checkout,2024-05-09 02:33:53
495,homepage,2024-08-02 08:14:35
496,checkout,2024-10-23 06:29:19
496,homepage,2024-07-30 01:08:07
496,cart,2024-05-26 11:51:09
497,homepage,2024-06-25 20:07:09
497,product_page,2024-05-04 23:10:56
498,checkout,2024-12-03 17:16:30
498,homepage,2024-03-14 06:22:03
498,cart,2024-09-27 21:09:23
499,cart,2024-04-02 17:49:44
499,homepage,2024-08-10 01:32:25
499,checkout,2024-05-28 17:32:49
500,checkout,2024-03-31 16:57:35
500,product_page,2024-11-28 10:37:09
500,cart,2024-10-28 04:35:54
