visit_id,customer_id,page_url,visit_timestamp,time_spent_seconds
1,508,posts,2024-11-13 21:23:44,89
2,321,app,2024-12-05 11:43:57,263
3,626,explore/app,2024-11-26 11:22:20,49
4,131,blog/tags/app,2024-12-04 08:57:50,98
5,975,categories,2024-11-23 15:42:36,74
6,591,list/search,2024-11-11 14:33:33,243
7,394,wp-content/list,2024-11-17 06:49:08,109
8,915,list,2024-12-09 19:09:48,258
9,187,list/categories/list,2024-11-13 14:38:17,281
10,381,list/tags,2024-11-19 13:43:37,274
11,498,posts/blog/explore,2024-12-02 14:01:00,161
12,557,search/tags/blog,2024-11-24 07:43:42,60
13,279,main,2024-12-08 04:05:52,24
14,215,tag/explore/blog,2024-11-27 09:31:36,158
15,332,app/list,2024-12-09 10:28:27,144
16,354,posts,2024-11-12 20:59:44,71
17,489,main,2024-11-16 07:00:58,193
18,343,blog/list,2024-11-13 12:42:26,26
19,769,posts/app,2024-11-23 02:02:20,248
20,884,app/list/search,2024-11-16 12:15:20,105
21,920,wp-content/wp-content,2024-11-14 17:02:46,288
22,85,wp-content/category,2024-11-20 14:39:18,205
23,295,explore/categories/wp-content,2024-12-07 18:58:26,118
24,22,categories/main/posts,2024-11-17 20:35:12,226
25,245,blog/wp-content/explore,2024-11-20 07:51:53,242
26,43,main/app/category,2024-12-05 09:25:22,211
27,570,posts/wp-content/tag,2024-11-27 15:59:19,67
28,849,explore,2024-11-14 14:31:18,288
29,620,search/posts/blog,2024-11-23 16:21:11,21
30,960,tags/tag,2024-12-01 22:02:57,141
31,586,main/wp-content,2024-12-01 05:24:30,290
32,263,categories/tags/blog,2024-12-10 10:59:38,298
33,946,tag,2024-11-14 12:29:14,164
34,854,search/tag,2024-12-04 13:56:06,205
35,470,main,2024-11-28 03:56:08,8
36,774,tags,2024-12-08 22:11:50,292
37,516,tag/tags,2024-11-23 03:55:39,104
38,19,blog/category,2024-11-19 17:19:48,18
39,394,app/explore,2024-11-25 02:49:42,11
40,993,tags/tag,2024-11-28 08:24:51,256
41,73,search/blog/categories,2024-11-30 09:24:33,66
42,338,tags,2024-12-09 01:44:15,192
43,238,posts/list/tags,2024-12-02 18:59:56,300
44,742,search,2024-11-29 04:13:25,264
45,866,explore/explore/search,2024-11-14 15:43:38,63
46,669,main/wp-content,2024-12-04 16:17:41,212
47,752,posts/app,2024-12-07 20:35:55,121
48,433,tags,2024-11-19 14:50:54,233
49,410,explore/tags,2024-11-26 21:54:37,266
50,861,list,2024-12-06 16:01:04,166
51,425,wp-content/blog,2024-12-03 21:32:35,261
52,347,list,2024-12-03 19:38:55,157
53,785,blog/posts,2024-11-12 14:12:03,285
54,174,categories,2024-12-02 08:22:19,205
55,639,categories/wp-content,2024-12-06 15:25:48,87
56,570,blog/blog/list,2024-12-07 23:10:48,199
57,356,categories/tag,2024-11-21 07:29:01,92
58,166,explore,2024-12-04 00:49:22,121
59,111,blog/explore,2024-11-12 06:30:52,71
60,667,categories/main,2024-11-15 18:58:09,158
61,803,category,2024-11-17 21:09:36,61
62,530,tags/posts/posts,2024-12-05 11:03:12,47
63,711,main/posts,2024-11-26 13:20:09,44
64,252,wp-content,2024-11-15 16:55:22,172
65,712,app/search/wp-content,2024-11-24 11:22:09,57
66,44,main,2024-11-23 21:37:55,197
67,329,explore/explore/tags,2024-11-24 21:18:15,60
68,329,list,2024-11-25 02:50:42,159
69,143,posts/posts,2024-11-18 01:24:55,5
70,668,posts,2024-11-15 05:10:12,11
71,872,list,2024-12-05 17:44:05,49
72,186,app,2024-12-03 16:16:13,26
73,926,app,2024-11-26 03:06:35,127
74,131,list/main,2024-12-03 06:08:32,15
75,122,categories,2024-11-28 08:53:31,270
76,514,list,2024-11-13 07:02:51,210
77,364,wp-content/search/main,2024-11-28 01:55:08,193
78,503,wp-content/list,2024-11-24 01:39:44,164
79,195,tags/categories/main,2024-12-08 10:46:22,245
80,768,search/tags/list,2024-12-10 16:28:45,188
81,316,explore/explore,2024-12-08 23:59:32,253
82,580,categories/tags,2024-11-15 00:18:19,268
83,767,search,2024-11-19 19:32:52,215
84,643,explore/blog/explore,2024-11-25 11:16:49,279
85,241,wp-content/blog,2024-11-29 18:33:27,62
86,898,main,2024-12-10 12:15:24,17
87,185,search,2024-11-17 00:12:30,277
88,37,tag,2024-11-21 05:16:45,158
89,458,tag/tag/category,2024-12-01 23:42:46,231
90,838,list/app,2024-11-23 20:42:41,86
91,553,categories/app,2024-11-15 23:47:20,247
92,778,app,2024-12-07 16:55:30,205
93,923,blog/app/blog,2024-12-04 16:40:52,53
94,760,category/app,2024-11-13 15:29:45,162
95,458,categories/posts/search,2024-11-17 01:55:44,41
96,571,wp-content/search/wp-content,2024-11-14 11:31:09,287
97,230,explore,2024-11-18 10:04:08,157
98,433,blog,2024-11-13 01:12:37,5
99,886,explore/posts,2024-11-15 10:39:16,177
100,423,category/category,2024-11-21 04:08:05,264
101,781,posts,2024-12-07 02:50:27,128
102,753,posts/main/posts,2024-11-19 20:00:27,51
103,818,main/wp-content,2024-12-08 18:28:50,239
104,52,main/tags/wp-content,2024-12-11 03:02:40,67
105,189,posts/tag,2024-11-24 07:23:15,68
106,326,tag/categories,2024-12-07 15:02:54,37
107,360,posts,2024-12-11 03:40:02,36
108,927,blog/list,2024-12-09 02:54:04,94
109,397,explore/search/list,2024-11-23 15:46:25,173
110,144,main,2024-12-05 00:38:32,138
111,234,tags,2024-11-23 23:25:30,244
112,50,explore/app,2024-11-15 20:47:04,199
113,500,posts/category/search,2024-12-11 07:48:19,204
114,867,posts/wp-content/blog,2024-11-27 15:47:32,91
115,63,search,2024-12-01 06:08:53,95
116,414,tag/search,2024-11-25 02:19:21,300
117,991,app/tags,2024-11-14 20:07:42,186
118,439,categories,2024-12-03 11:23:37,25
119,300,explore/tags,2024-11-11 14:55:25,71
120,290,app/app/explore,2024-11-14 10:28:00,292
121,242,blog/explore/search,2024-12-03 19:49:37,300
122,947,explore/blog/list,2024-12-05 18:26:15,256
123,993,tag,2024-11-28 17:12:34,275
124,834,app/main/posts,2024-11-24 03:57:22,292
125,464,main/categories,2024-12-07 15:22:21,189
126,820,main/categories/tag,2024-11-29 12:31:11,269
127,829,posts/blog,2024-11-20 06:55:21,244
128,652,search/explore/categories,2024-12-07 06:18:35,104
129,308,posts,2024-11-25 01:20:50,120
130,62,tag/wp-content,2024-12-02 10:02:04,8
131,325,blog/search/tag,2024-11-25 02:27:47,280
132,346,main/tags/main,2024-11-26 10:55:39,272
133,446,app,2024-12-07 18:50:13,194
134,976,main/category/category,2024-12-05 14:21:13,68
135,612,blog/explore,2024-11-14 06:43:54,245
136,392,search/wp-content,2024-12-10 20:34:29,133
137,717,blog,2024-11-29 00:06:10,274
138,458,tags,2024-11-30 08:25:42,250
139,878,category/posts,2024-11-12 05:10:46,281
140,412,wp-content,2024-12-11 00:05:22,13
141,272,tags/tag,2024-11-30 08:43:24,251
142,124,tags/app,2024-11-17 16:14:56,166
143,216,wp-content,2024-11-22 09:29:41,185
144,193,category/category/blog,2024-11-21 15:10:40,274
145,510,main,2024-12-10 03:37:09,179
146,615,search/posts/search,2024-11-29 17:28:26,116
147,125,blog/blog/main,2024-12-11 01:56:52,271
148,525,list/blog,2024-11-22 01:45:36,66
149,302,tags/list/tag,2024-11-21 11:23:38,7
150,473,posts/app/tags,2024-12-10 20:51:51,122
151,305,explore/explore/search,2024-11-15 16:33:08,224
152,680,search/wp-content,2024-12-09 10:52:08,119
153,866,wp-content/categories/category,2024-11-21 06:36:58,158
154,627,posts/wp-content,2024-12-07 20:53:39,240
155,782,explore/blog/wp-content,2024-11-22 17:16:48,20
156,132,blog/tag/tags,2024-11-12 03:49:07,17
157,243,list,2024-11-25 12:39:53,81
158,376,category,2024-12-02 12:14:41,31
159,556,list/blog/app,2024-12-07 20:30:36,288
160,334,explore,2024-11-11 22:37:18,13
161,400,tag/blog/blog,2024-11-27 18:32:59,158
162,608,search/tags/app,2024-11-29 11:11:56,120
163,918,explore/main/tags,2024-11-13 15:04:54,217
164,854,blog,2024-12-09 21:17:22,67
165,612,explore,2024-11-21 16:56:52,129
166,424,posts/categories/tags,2024-12-03 23:06:35,151
167,289,wp-content/tags,2024-11-16 06:18:55,274
168,800,blog/posts,2024-11-17 23:43:52,69
169,376,search/posts,2024-11-15 16:29:22,61
170,964,app/category,2024-11-19 07:53:38,49
171,176,wp-content/blog/blog,2024-12-02 19:09:40,266
172,322,posts/wp-content,2024-12-03 17:56:24,39
173,107,wp-content,2024-11-26 04:04:10,233
174,720,app,2024-11-28 21:15:52,250
175,519,tags/categories,2024-11-29 10:50:30,108
176,114,tags/wp-content,2024-12-05 15:49:46,32
177,854,main,2024-11-25 01:13:42,136
178,74,main/wp-content/explore,2024-12-02 22:55:24,126
179,267,list/tags/blog,2024-11-28 19:14:33,98
180,894,tag/explore/app,2024-12-03 17:14:04,193
181,443,categories,2024-11-14 13:26:07,149
182,716,posts,2024-11-26 22:06:59,66
183,133,blog/search,2024-12-02 12:32:12,22
184,312,blog/main,2024-12-07 11:55:14,258
185,894,posts,2024-11-14 17:30:41,298
186,576,explore/blog,2024-12-04 20:25:05,261
187,771,tags,2024-11-11 20:33:14,65
188,464,explore/tag/tags,2024-11-25 14:50:58,189
189,508,tag,2024-12-11 05:05:25,299
190,134,explore/categories/tag,2024-12-03 17:21:02,173
191,197,main/posts/tag,2024-11-25 18:52:08,149
192,514,category/categories/main,2024-11-14 21:32:35,220
193,77,category/category,2024-11-17 01:16:20,255
194,418,posts/main/app,2024-11-18 18:59:09,228
195,328,main,2024-12-04 18:33:11,222
196,662,category/posts/tag,2024-11-16 23:24:36,9
197,423,main,2024-11-21 04:06:09,56
198,350,app,2024-12-10 06:31:06,117
199,868,list,2024-11-16 04:31:44,260
200,286,main,2024-11-25 23:35:05,283
201,206,main/posts,2024-11-30 08:38:22,230
202,775,tag/wp-content/search,2024-12-08 12:36:22,183
203,107,search/search,2024-11-26 19:22:57,161
204,106,blog/category,2024-12-07 02:27:41,36
205,415,list/blog/category,2024-11-25 10:49:24,197
206,118,tag/main,2024-12-08 12:45:16,115
207,824,posts/posts/categories,2024-11-18 09:49:42,221
208,948,categories/tags,2024-11-26 07:04:32,90
209,638,search/app/blog,2024-11-18 04:49:55,133
210,488,main,2024-11-30 19:10:34,175
211,675,app/main/categories,2024-12-10 19:05:11,8
212,535,explore/main/search,2024-12-07 18:02:36,204
213,887,explore/tag/blog,2024-11-22 23:46:17,164
214,342,search/posts/tags,2024-11-30 14:47:59,246
215,617,category,2024-11-15 00:46:57,70
216,9,list/tag/category,2024-12-09 21:34:26,10
217,827,tags/wp-content,2024-11-14 14:57:01,18
218,312,app/search,2024-12-05 07:36:40,126
219,906,categories/tags/tags,2024-11-13 23:35:12,264
220,54,main,2024-12-03 22:42:00,145
221,531,blog,2024-11-23 08:54:45,169
222,292,categories/explore,2024-11-24 08:27:16,227
223,946,category/posts/tag,2024-11-19 14:22:36,137
224,657,wp-content/search,2024-11-25 01:26:20,159
225,155,wp-content/categories,2024-11-24 03:12:54,173
226,986,wp-content/category,2024-12-06 02:03:29,44
227,170,category/posts,2024-11-23 01:18:32,118
228,945,blog/main,2024-11-11 10:01:20,259
229,921,tag/category,2024-11-17 16:30:39,212
230,987,tags,2024-12-07 11:45:35,150
231,103,search/list/search,2024-11-25 19:51:41,178
232,546,search/main/main,2024-11-13 13:52:12,289
233,7,list/wp-content/posts,2024-12-02 05:12:00,49
234,309,wp-content/posts,2024-12-08 08:17:05,187
235,871,category/main,2024-11-27 21:28:04,147
236,598,categories/posts,2024-11-23 11:35:06,116
237,801,explore/categories/blog,2024-11-12 05:42:30,87
238,54,category/tags,2024-12-01 22:05:27,28
239,819,main/posts,2024-11-30 01:15:34,100
240,1000,tags,2024-11-14 09:54:27,237
241,54,categories,2024-12-09 03:22:13,140
242,19,posts/explore,2024-11-20 00:04:07,152
243,244,main,2024-12-01 14:12:02,62
244,79,wp-content,2024-11-18 08:22:26,183
245,338,tag,2024-11-30 17:25:40,73
246,738,tags,2024-12-09 06:56:05,298
247,567,explore/main,2024-12-01 18:23:58,300
248,318,list/posts,2024-11-30 19:53:12,264
249,42,blog/blog,2024-11-25 10:25:09,203
250,769,category,2024-11-26 14:30:57,46
251,923,wp-content/list,2024-11-12 01:47:52,74
252,613,main,2024-11-13 10:07:03,189
253,757,search/wp-content,2024-11-14 08:35:07,125
254,519,list,2024-12-09 14:25:34,274
255,565,tags/categories,2024-11-23 19:33:15,123
256,60,tag/list/categories,2024-11-27 05:36:18,46
257,807,app/search,2024-11-23 11:06:19,271
258,927,category/blog/explore,2024-11-20 04:47:02,204
259,713,list/explore/tags,2024-12-10 05:09:14,146
260,952,tag/categories/posts,2024-11-23 01:18:24,201
261,352,explore/explore,2024-11-16 21:24:35,186
262,209,explore/tags,2024-11-20 10:11:39,222
263,891,app/blog,2024-12-01 10:22:47,100
264,207,blog/app,2024-11-24 22:08:06,78
265,836,wp-content/app/posts,2024-12-02 23:55:57,201
266,6,category,2024-12-10 13:34:05,66
267,7,posts/list/tags,2024-11-22 01:25:42,92
268,445,blog/tags/main,2024-12-06 21:51:40,133
269,841,categories,2024-11-13 10:51:00,225
270,200,blog/app,2024-12-11 01:17:49,207
271,179,categories,2024-12-11 01:32:15,206
272,744,wp-content/app,2024-11-30 04:45:01,47
273,515,categories,2024-11-23 22:44:40,188
274,344,app/blog,2024-11-21 15:11:59,215
275,630,tags/tag,2024-11-19 01:36:27,50
276,401,search,2024-12-07 18:50:19,156
277,227,explore,2024-11-28 17:23:26,295
278,483,explore/main/wp-content,2024-11-26 00:27:03,143
279,855,main/search/app,2024-11-17 14:13:56,167
280,848,main/category,2024-12-01 12:17:45,256
281,941,categories/blog,2024-11-19 12:15:13,248
282,199,explore,2024-11-28 22:01:48,254
283,174,posts/app/posts,2024-11-16 20:33:42,150
284,95,main/tag/search,2024-11-15 14:18:07,160
285,190,search/list,2024-12-02 09:26:49,63
286,629,tags,2024-12-11 01:48:44,148
287,967,app/search,2024-11-29 23:32:17,76
288,982,categories/list,2024-11-19 04:50:09,227
289,920,category,2024-12-01 10:32:52,167
290,684,category,2024-12-09 13:13:53,178
291,476,explore/posts,2024-11-11 20:44:16,282
292,789,app/blog/search,2024-11-25 13:11:45,227
293,88,wp-content/main/posts,2024-11-19 04:54:41,191
294,867,list/categories/explore,2024-11-20 09:04:04,81
295,27,posts,2024-12-05 06:19:44,131
296,204,list/blog/explore,2024-12-01 12:48:18,254
297,471,posts/list/categories,2024-12-11 06:35:58,13
298,226,category/explore/categories,2024-11-13 02:41:41,275
299,690,list/posts/blog,2024-12-10 07:07:11,64
300,714,tag/explore/posts,2024-12-04 20:22:27,56
301,206,tag/list,2024-12-01 21:17:30,132
302,63,blog/list,2024-12-04 08:48:36,231
303,556,app,2024-11-28 15:22:16,269
304,421,posts,2024-12-09 19:30:08,90
305,883,posts/search,2024-11-18 09:54:27,283
306,865,explore,2024-11-15 03:39:28,149
307,915,tags/wp-content/category,2024-11-16 11:56:31,38
308,988,app,2024-11-18 14:41:51,297
309,259,blog,2024-11-21 01:55:47,286
310,844,blog,2024-11-29 04:41:05,214
311,777,app/explore,2024-11-15 22:39:48,37
312,700,tag,2024-11-16 12:23:08,55
313,170,app/tag,2024-11-25 04:27:51,170
314,546,blog/blog,2024-11-27 08:16:57,235
315,272,list/wp-content/tags,2024-11-28 09:41:04,279
316,573,category/list,2024-11-23 00:01:01,101
317,260,explore/app,2024-12-02 01:13:05,103
318,514,app,2024-12-07 08:23:06,114
319,906,tags,2024-11-15 15:43:30,271
320,566,tags/search/app,2024-12-02 18:45:55,120
321,675,search,2024-11-13 22:03:26,274
322,481,tags/explore/tags,2024-11-25 12:14:00,280
323,772,categories/category/app,2024-11-15 21:50:56,13
324,684,list,2024-11-19 10:58:46,213
325,323,wp-content,2024-11-14 12:39:40,275
326,442,list/tag,2024-12-09 18:06:50,41
327,214,search/posts/tags,2024-12-09 19:03:46,199
328,197,app,2024-12-05 21:44:47,164
329,896,tags,2024-12-02 09:05:07,290
330,14,posts/posts/wp-content,2024-11-27 03:03:24,226
331,124,categories/search,2024-12-03 21:02:48,108
332,767,tag/posts,2024-11-23 00:38:36,117
333,773,list/posts/wp-content,2024-11-15 09:04:11,194
334,546,blog,2024-12-06 17:18:40,129
335,834,blog/list/category,2024-11-20 10:50:40,282
336,287,blog,2024-12-06 21:36:26,33
337,583,tag,2024-11-29 14:50:04,24
338,597,tags/tags,2024-11-22 01:48:35,294
339,415,posts/list/tags,2024-12-01 20:02:05,118
340,372,categories/posts,2024-11-19 01:05:49,90
341,778,wp-content/posts/blog,2024-12-10 17:42:59,273
342,343,categories/tag,2024-11-19 12:02:24,280
343,503,category/blog,2024-11-16 13:16:33,208
344,203,posts/main,2024-11-29 19:56:21,228
345,262,categories,2024-11-11 14:27:36,35
346,393,category,2024-11-28 14:48:41,106
347,107,category,2024-11-18 07:27:45,222
348,612,explore/list/main,2024-11-22 14:59:59,295
349,994,categories/search/app,2024-12-11 09:15:52,41
350,833,category/blog,2024-11-28 20:12:14,189
351,8,main/tags,2024-12-06 21:23:43,79
352,163,main/explore,2024-11-27 13:36:51,15
353,439,search/main/main,2024-11-24 10:51:27,237
354,997,posts/blog/posts,2024-11-13 13:26:59,183
355,986,category/blog,2024-12-05 18:32:59,132
356,506,app/wp-content/categories,2024-11-11 10:56:11,51
357,789,tags/blog,2024-12-11 02:58:20,134
358,699,app/list/explore,2024-11-23 03:34:51,170
359,398,app,2024-12-10 22:59:35,258
360,833,posts/app,2024-11-12 18:46:09,130
361,67,posts/tag/tags,2024-12-04 05:05:50,80
362,211,app,2024-11-13 12:38:28,255
363,682,categories,2024-11-28 13:30:03,115
364,955,tag,2024-11-22 22:50:30,184
365,249,search,2024-11-27 02:49:26,203
366,974,search,2024-12-03 01:17:32,105
367,306,posts/list,2024-11-20 06:25:40,7
368,820,tag,2024-11-12 03:06:02,233
369,640,blog,2024-11-30 11:17:46,145
370,211,app/tags,2024-11-18 09:22:09,77
371,57,posts/posts/list,2024-11-26 06:49:50,150
372,327,wp-content/main/categories,2024-11-16 07:28:37,187
373,560,main/app/explore,2024-11-20 09:34:06,119
374,402,categories/search/categories,2024-11-23 19:11:16,124
375,619,app/categories/main,2024-11-17 23:15:24,79
376,268,tag/categories,2024-11-23 12:36:17,105
377,837,categories/explore/tag,2024-11-28 01:34:46,182
378,373,list,2024-11-26 12:27:29,90
379,564,app/category/app,2024-11-12 18:04:58,173
380,689,category/categories,2024-12-06 06:35:38,274
381,956,posts/explore/list,2024-11-21 19:54:39,37
382,289,category,2024-11-19 20:37:14,178
383,916,posts/wp-content/wp-content,2024-11-19 22:09:11,271
384,340,app,2024-11-23 05:33:04,133
385,15,category,2024-12-11 03:03:44,173
386,158,tag,2024-11-21 17:33:53,273
387,45,list,2024-11-13 12:58:16,231
388,331,tags,2024-11-15 08:37:10,164
389,931,blog/category/search,2024-12-03 10:24:17,228
390,992,categories/blog,2024-11-22 08:34:14,221
391,286,main/posts/main,2024-11-30 12:41:36,295
392,6,tag/search/search,2024-11-28 13:09:48,195
393,667,search,2024-12-07 06:42:07,69
394,204,posts,2024-11-17 17:35:19,207
395,490,search,2024-11-22 01:21:00,245
396,351,explore/blog,2024-11-12 03:57:01,220
397,960,list/wp-content/category,2024-12-06 14:49:53,202
398,947,tag,2024-11-19 01:50:39,201
399,674,blog,2024-12-04 03:21:50,13
400,575,main/app,2024-12-06 01:14:12,99
401,739,tag,2024-11-15 20:09:16,132
402,879,category,2024-12-07 16:42:03,298
403,190,wp-content/wp-content,2024-11-23 21:38:25,160
404,678,tags,2024-11-23 02:39:33,183
405,587,list/list/posts,2024-11-25 15:47:12,134
406,563,main/category/blog,2024-11-29 01:08:20,140
407,793,app/list/app,2024-12-04 20:32:56,186
408,440,wp-content/wp-content/main,2024-12-04 20:17:24,209
409,162,search/main/posts,2024-11-19 13:49:05,54
410,339,wp-content,2024-11-29 09:11:41,106
411,491,tag/wp-content/tag,2024-11-17 13:59:08,108
412,832,posts/blog,2024-11-22 15:15:13,154
413,108,tag/categories/blog,2024-11-14 19:47:09,121
414,201,list/tags/tag,2024-12-10 13:56:44,155
415,184,categories/category/explore,2024-11-13 02:59:01,167
416,577,category/category,2024-12-10 10:23:05,202
417,294,app/tags,2024-12-01 02:13:28,109
418,477,tag,2024-11-22 11:22:51,80
419,134,app/category/app,2024-12-02 17:56:21,148
420,25,main/explore,2024-12-04 14:29:13,293
421,746,category,2024-11-21 13:33:28,100
422,399,categories/main,2024-12-01 17:36:47,235
423,400,list/tag/tags,2024-12-04 17:53:14,169
424,56,app,2024-12-10 21:25:46,229
425,716,category/search/tags,2024-11-19 00:39:59,171
426,760,main,2024-12-01 05:19:40,112
427,755,explore,2024-12-01 06:19:53,93
428,113,list/app/list,2024-11-20 19:52:54,47
429,193,app/app,2024-11-24 07:46:49,183
430,152,categories/list,2024-11-28 05:28:10,6
431,954,tags/posts,2024-12-02 01:30:31,214
432,415,tag/tag,2024-12-04 17:48:14,89
433,166,tags/list,2024-11-22 06:05:56,30
434,83,app,2024-11-12 03:54:53,279
435,876,list/tag/wp-content,2024-11-27 12:09:57,234
436,185,tags,2024-12-03 06:59:39,76
437,9,list/posts/wp-content,2024-11-21 06:01:53,37
438,882,main/wp-content,2024-11-26 17:03:26,260
439,97,blog,2024-12-05 13:22:09,291
440,857,main,2024-11-11 21:48:37,130
441,66,blog/blog/tag,2024-11-22 02:20:33,8
442,465,main/blog/tag,2024-11-26 03:32:30,216
443,861,explore,2024-11-28 14:08:41,126
444,70,search/blog,2024-11-25 18:43:01,46
445,419,main/main,2024-12-10 17:51:50,194
446,296,wp-content,2024-12-05 09:16:21,188
447,643,app/categories/main,2024-11-28 01:49:45,26
448,472,tags/app,2024-12-11 02:38:52,177
449,273,category/app,2024-11-15 15:22:21,21
450,66,tags/search/app,2024-11-16 03:16:42,195
451,176,list/tag/explore,2024-11-13 19:16:22,37
452,80,tags,2024-12-01 03:38:30,47
453,892,categories/search/categories,2024-11-22 10:46:48,42
454,694,wp-content,2024-11-15 04:03:20,257
455,6,tag,2024-11-23 16:03:38,195
456,46,category/list,2024-11-17 20:35:21,48
457,30,category/app,2024-11-19 10:32:02,263
458,996,tags/categories,2024-12-01 23:40:10,278
459,675,list/app/main,2024-11-27 16:30:59,266
460,710,blog/list/list,2024-11-26 06:37:26,91
461,538,main/posts,2024-11-15 00:48:05,64
462,128,search/app,2024-11-29 19:08:30,102
463,520,wp-content/explore/posts,2024-11-21 20:39:47,299
464,532,explore,2024-11-17 17:57:35,265
465,580,blog/blog,2024-12-10 07:36:55,29
466,405,search/main/explore,2024-11-28 21:10:51,150
467,756,wp-content/explore,2024-11-23 07:58:46,214
468,903,tags,2024-12-02 00:45:45,203
469,52,explore/explore/posts,2024-11-22 05:51:37,86
470,183,explore,2024-11-22 21:25:19,80
471,904,tags,2024-12-04 17:22:58,243
472,545,wp-content/app/wp-content,2024-12-08 05:28:03,193
473,827,wp-content,2024-11-26 14:41:35,203
474,448,posts/search/tags,2024-12-09 15:10:58,125
475,82,list,2024-12-03 07:17:11,11
476,946,tags/tags/tags,2024-12-03 04:48:34,181
477,367,posts/tag,2024-12-10 00:44:17,211
478,510,blog/list/list,2024-11-26 18:01:13,288
479,47,list,2024-11-28 01:57:01,170
480,250,categories,2024-11-27 10:46:23,239
481,302,search/wp-content/search,2024-11-27 14:02:25,225
482,934,list,2024-11-27 07:30:35,190
483,326,main,2024-11-11 14:49:54,296
484,235,tag,2024-12-07 21:03:19,200
485,64,posts,2024-11-18 16:17:11,9
486,766,search,2024-12-11 08:21:26,127
487,816,tag/tags/main,2024-11-28 14:02:30,199
488,103,search,2024-11-14 05:32:13,231
489,347,wp-content,2024-11-28 18:13:47,128
490,351,tag/explore/tags,2024-12-07 16:51:04,192
491,519,wp-content,2024-11-30 11:52:17,300
492,155,main/main,2024-12-10 11:08:24,254
493,233,list,2024-11-11 17:19:57,97
494,831,tags,2024-11-27 02:02:14,167
495,357,tag/app,2024-11-25 01:06:50,189
496,126,search/tag,2024-12-09 02:56:05,148
497,432,category/main,2024-11-21 14:40:36,6
498,649,posts/category/category,2024-12-05 06:08:59,71
499,23,tags/explore/search,2024-11-12 13:03:49,185
500,309,explore,2024-11-12 02:51:54,221
501,668,wp-content,2024-12-08 12:42:41,7
502,399,categories/tag/search,2024-11-12 00:32:17,185
503,398,categories,2024-11-25 08:48:43,296
504,321,categories/tag,2024-11-28 02:46:10,173
505,139,category,2024-12-06 10:50:28,117
506,70,tag,2024-11-21 07:20:32,298
507,487,wp-content/app/search,2024-12-08 19:22:36,189
508,684,wp-content/list,2024-12-07 20:09:30,135
509,560,blog/category,2024-11-28 10:04:05,98
510,816,tags/tags,2024-11-15 14:59:20,65
511,626,tags/search/category,2024-12-09 01:22:37,195
512,287,posts,2024-11-15 17:02:46,146
513,440,blog,2024-11-15 06:02:38,12
514,272,tag,2024-12-01 13:17:49,97
515,458,main,2024-11-25 04:17:32,202
516,332,category/search/wp-content,2024-11-27 07:52:59,261
517,302,wp-content/categories,2024-11-28 09:02:05,228
518,313,categories/search,2024-12-05 22:18:05,177
519,122,blog,2024-12-05 08:52:35,271
520,626,posts,2024-11-13 19:45:38,184
521,996,app,2024-11-25 08:18:55,52
522,845,posts,2024-11-24 04:50:51,76
523,57,app/category,2024-11-28 07:13:01,241
524,884,category/explore,2024-12-07 07:42:05,114
525,343,wp-content/search/tags,2024-11-22 08:04:15,198
526,181,blog/app,2024-11-18 05:39:31,106
527,185,list,2024-11-23 08:30:45,218
528,378,wp-content,2024-11-17 18:52:17,199
529,638,blog,2024-12-09 07:48:00,261
530,569,blog,2024-11-18 06:20:52,220
531,931,main,2024-12-10 17:14:07,298
532,114,posts/posts,2024-11-25 07:26:16,108
533,525,main/categories,2024-11-24 11:05:55,262
534,331,tags,2024-12-04 17:28:36,69
535,577,blog,2024-11-21 05:54:13,45
536,139,main/list/posts,2024-11-26 17:58:49,30
537,414,list/category/wp-content,2024-12-02 19:00:33,40
538,712,app/tags/blog,2024-12-08 10:48:08,167
539,96,explore,2024-12-02 23:03:36,185
540,122,blog/app,2024-12-11 09:08:07,24
541,391,category/app/explore,2024-12-05 19:48:13,46
542,218,blog/explore/tags,2024-12-06 03:48:13,223
543,991,search/tag,2024-11-20 02:01:16,69
544,463,search,2024-12-10 04:23:17,148
545,491,tag/tags/categories,2024-11-26 09:57:31,165
546,26,main/tags/blog,2024-12-08 13:24:00,239
547,667,category/posts/main,2024-11-28 17:58:53,217
548,950,app,2024-11-26 16:23:12,151
549,229,blog/list,2024-12-04 06:26:37,11
550,296,explore,2024-12-07 14:50:15,44
551,840,category,2024-11-24 11:27:08,228
552,656,explore/explore/search,2024-12-09 20:41:04,99
553,618,categories/list,2024-11-16 15:02:46,180
554,444,explore/category/app,2024-11-18 22:11:36,208
555,148,main/wp-content/categories,2024-11-25 21:39:14,191
556,373,posts,2024-11-18 09:07:46,215
557,757,wp-content/tag,2024-11-11 12:12:57,271
558,309,main/app/category,2024-11-18 21:15:23,244
559,366,category/main,2024-11-19 23:51:09,168
560,702,explore/tag/tags,2024-11-15 17:26:20,92
561,545,tag,2024-12-07 17:15:26,267
562,94,search/tags,2024-12-09 11:08:51,273
563,805,main/main,2024-11-22 14:42:17,298
564,705,search/wp-content,2024-12-01 21:35:19,300
565,210,blog/search,2024-11-21 06:20:14,84
566,213,app/wp-content/wp-content,2024-11-27 15:17:27,291
567,594,wp-content/main/tag,2024-12-07 09:52:06,141
568,68,list,2024-11-17 02:29:46,230
569,86,app/list/list,2024-11-13 16:16:51,221
570,977,categories/search,2024-11-16 22:46:07,83
571,573,tag,2024-11-22 23:41:01,225
572,454,posts,2024-12-08 00:04:42,164
573,167,wp-content/app/explore,2024-11-29 18:29:01,35
574,400,categories/explore/posts,2024-11-15 18:38:56,177
575,960,app/blog,2024-11-19 07:20:45,238
576,723,wp-content,2024-11-12 22:14:12,173
577,630,search/app,2024-11-21 03:13:12,77
578,652,app,2024-12-10 20:56:31,138
579,400,category/app,2024-12-01 19:07:49,116
580,748,tag/search,2024-11-17 04:37:00,171
581,915,categories/main,2024-11-22 17:10:47,22
582,695,categories,2024-11-16 03:12:57,99
583,222,app/categories/wp-content,2024-11-26 00:55:33,125
584,141,category,2024-11-30 14:56:15,127
585,519,blog/list/category,2024-12-10 19:55:42,43
586,859,main/wp-content/wp-content,2024-12-10 01:35:13,57
587,545,app,2024-11-13 15:23:05,104
588,444,posts/blog,2024-12-08 15:06:54,275
589,845,search,2024-12-05 03:52:05,128
590,790,blog/tag/category,2024-11-25 23:49:03,123
591,583,tag,2024-11-13 08:44:14,109
592,702,tag,2024-11-22 16:53:30,144
593,121,posts,2024-12-09 16:39:05,270
594,950,app,2024-12-06 16:27:15,162
595,332,blog/main/blog,2024-11-28 01:15:59,127
596,26,app,2024-12-01 20:27:54,39
597,678,list/blog/list,2024-12-02 09:02:07,194
598,582,list,2024-11-23 05:49:28,240
599,39,category/explore/wp-content,2024-11-12 11:29:11,284
600,778,tag/main/categories,2024-11-25 13:56:49,22
601,149,tag/posts,2024-12-02 06:04:55,173
602,662,category,2024-12-09 00:59:31,64
603,822,explore,2024-11-23 07:03:22,216
604,601,posts/list,2024-11-12 21:30:54,219
605,201,tag,2024-12-06 23:00:00,268
606,361,main/app,2024-12-01 04:04:36,121
607,174,blog/wp-content/explore,2024-11-23 10:41:01,242
608,590,category/app/search,2024-12-07 02:44:22,81
609,104,blog/posts/blog,2024-11-28 06:18:23,29
610,774,posts,2024-12-03 05:09:13,155
611,737,explore/categories/category,2024-11-26 01:06:33,149
612,967,category/list,2024-11-24 09:42:56,18
613,103,wp-content,2024-11-29 17:17:39,27
614,490,main,2024-12-02 05:06:30,180
615,364,category/categories,2024-11-15 18:17:51,120
616,946,category/search,2024-12-04 19:11:02,266
617,500,search,2024-12-02 05:53:47,27
618,752,main,2024-11-28 18:00:30,94
619,659,tags/tag,2024-11-25 02:05:13,170
620,253,tags,2024-11-15 22:48:00,180
621,422,list,2024-12-11 05:23:25,118
622,676,posts,2024-12-02 04:52:34,169
623,230,category/categories,2024-11-14 17:27:12,180
624,826,categories/wp-content,2024-11-26 19:20:08,244
625,786,category/main/wp-content,2024-11-24 12:05:00,142
626,643,category/list/wp-content,2024-12-02 12:11:41,96
627,668,list/wp-content,2024-11-20 03:53:22,5
628,350,wp-content,2024-12-06 12:31:21,172
629,461,explore/categories/app,2024-11-17 13:00:22,12
630,58,explore,2024-11-14 22:50:23,164
631,334,main/search,2024-11-23 15:00:33,219
632,784,blog,2024-11-20 04:33:05,158
633,320,search,2024-11-29 23:35:36,142
634,790,posts,2024-11-30 04:08:27,116
635,868,categories,2024-11-20 13:24:11,228
636,905,categories/search,2024-11-22 14:56:25,238
637,428,explore/list/posts,2024-11-30 02:07:28,183
638,603,posts/main,2024-12-08 13:12:18,72
639,202,main,2024-11-24 13:55:58,15
640,427,blog/app,2024-11-19 19:25:01,55
641,805,categories,2024-12-07 07:38:48,5
642,102,posts,2024-12-08 22:06:23,194
643,633,posts/tag,2024-11-26 23:04:26,242
644,647,blog/category/category,2024-11-28 11:36:22,133
645,649,main,2024-11-17 01:16:58,90
646,70,list/posts/category,2024-11-11 10:13:17,273
647,57,wp-content/categories/category,2024-11-25 09:52:53,270
648,353,main,2024-11-29 22:10:14,69
649,644,categories,2024-11-20 01:17:35,215
650,105,main,2024-11-22 14:06:12,291
651,65,explore,2024-11-30 08:52:44,132
652,189,blog/list,2024-11-25 09:47:00,171
653,722,tags/posts/explore,2024-12-10 18:34:01,90
654,244,main/category/categories,2024-11-20 20:18:40,160
655,320,explore/tag/list,2024-11-20 06:58:45,41
656,62,list,2024-12-06 07:46:56,184
657,77,app/tag,2024-11-12 14:15:37,78
658,784,main/categories/tag,2024-12-10 13:44:53,138
659,102,categories,2024-11-23 07:54:15,256
660,691,posts/tags,2024-12-05 04:23:32,6
661,700,main/tags/tags,2024-11-29 20:16:13,153
662,548,tag,2024-12-05 07:38:03,145
663,37,main/list/categories,2024-11-26 08:28:57,237
664,236,main/blog,2024-11-23 01:12:12,214
665,799,wp-content,2024-11-24 19:06:49,285
666,860,category/explore,2024-11-18 13:34:04,254
667,769,main/categories/search,2024-12-02 10:58:36,268
668,629,explore/category,2024-11-23 00:59:13,264
669,45,category/explore,2024-12-02 06:00:25,78
670,806,posts/list,2024-11-23 19:21:10,230
671,631,search,2024-11-19 11:30:24,248
672,130,category/tags/search,2024-12-07 23:31:17,59
673,215,app/main,2024-11-25 04:28:33,179
674,5,main/search,2024-11-23 08:07:01,281
675,392,categories,2024-12-03 08:55:32,228
676,648,app/list/category,2024-11-13 06:56:37,293
677,339,search/explore/list,2024-11-29 08:28:39,82
678,288,tags,2024-11-16 06:45:24,126
679,189,list/category,2024-11-25 18:32:23,49
680,51,app,2024-12-08 01:04:47,263
681,853,tag,2024-12-05 13:29:20,146
682,764,category/tags/main,2024-11-28 00:40:09,100
683,373,tag/tags,2024-11-21 09:06:01,294
684,126,search,2024-12-04 21:00:18,300
685,648,explore/main/wp-content,2024-11-22 09:50:12,258
686,421,posts,2024-11-15 05:45:54,126
687,200,app,2024-11-19 20:51:30,23
688,910,categories,2024-11-27 12:37:40,12
689,283,list,2024-11-30 04:33:17,78
690,953,category/posts,2024-11-13 17:49:05,65
691,262,explore/wp-content/categories,2024-12-05 14:21:24,299
692,510,main/tags,2024-11-15 17:59:59,253
693,227,wp-content/main/posts,2024-12-02 16:53:03,41
694,17,app/app/posts,2024-12-08 17:34:52,8
695,246,explore/wp-content/category,2024-11-28 01:57:17,169
696,287,tag/main/posts,2024-11-25 18:03:28,261
697,276,list/tag/list,2024-11-14 12:31:42,17
698,625,posts/tags,2024-12-03 03:53:09,269
699,257,app/wp-content/posts,2024-11-21 20:41:23,211
700,644,blog/list/search,2024-12-10 10:39:38,255
701,540,explore,2024-11-17 20:54:06,143
702,644,wp-content/wp-content,2024-11-17 10:05:03,183
703,811,app/list,2024-11-26 00:47:08,111
704,3,search,2024-12-05 11:20:13,57
705,655,tags,2024-11-17 07:20:45,166
706,3,wp-content/tag,2024-11-17 11:44:47,293
707,660,posts/explore,2024-11-22 02:39:13,191
708,446,wp-content/category/wp-content,2024-11-18 11:00:51,241
709,799,wp-content/list/wp-content,2024-11-18 06:33:18,109
710,372,tag/blog,2024-12-03 22:48:20,215
711,700,tag/search,2024-11-29 00:24:10,15
712,857,categories,2024-11-23 02:32:34,189
713,224,tag/explore,2024-11-27 21:25:28,184
714,183,categories/search,2024-11-16 05:15:13,143
715,108,main/list/wp-content,2024-12-02 15:37:51,242
716,561,posts,2024-11-13 04:36:04,46
717,737,wp-content,2024-11-17 10:32:56,297
718,999,list/tags,2024-11-25 01:41:23,51
719,841,wp-content,2024-12-07 17:20:30,47
720,571,tags/category/categories,2024-11-16 16:09:51,44
721,968,blog/category,2024-12-05 19:48:16,292
722,594,blog,2024-11-14 15:31:31,28
723,339,tag/main/app,2024-11-17 01:55:40,126
724,600,category,2024-11-23 15:43:30,19
725,780,list/app/tag,2024-11-26 17:31:47,145
726,747,search,2024-11-25 20:36:01,33
727,92,blog,2024-12-08 23:43:59,153
728,727,list,2024-11-28 21:03:14,72
729,409,tag/tags/wp-content,2024-11-11 23:05:44,97
730,85,blog/categories,2024-11-28 13:21:13,185
731,798,main,2024-11-27 17:48:33,19
732,405,tags,2024-11-19 14:24:57,138
733,238,wp-content,2024-12-07 09:46:10,282
734,506,posts/posts,2024-12-08 12:39:49,177
735,365,list/tag/category,2024-11-21 01:03:01,54
736,714,categories/app,2024-12-10 22:35:34,167
737,41,tags/tag,2024-11-15 06:47:38,113
738,428,tags/posts/main,2024-11-12 23:43:50,141
739,841,main/search/blog,2024-11-14 20:18:28,95
740,785,tags/blog,2024-12-09 10:59:17,212
741,518,main/app,2024-11-21 22:24:14,277
742,946,wp-content/categories/blog,2024-11-14 06:59:57,246
743,995,blog,2024-11-25 02:33:38,36
744,412,search/wp-content,2024-11-11 10:47:53,105
745,970,list/categories,2024-11-19 21:13:47,206
746,651,blog/main,2024-11-18 10:48:11,145
747,819,wp-content/posts/app,2024-11-30 01:45:41,201
748,275,tag/explore,2024-11-24 00:13:05,272
749,537,blog/explore,2024-11-26 04:52:23,298
750,950,tags/search,2024-12-04 23:25:39,120
751,882,tag,2024-11-14 01:44:15,214
752,883,wp-content,2024-11-24 04:20:59,56
753,24,list,2024-12-01 19:04:07,9
754,308,tag,2024-12-06 19:30:13,152
755,779,list/explore/wp-content,2024-12-01 12:45:53,270
756,643,main/search/explore,2024-11-28 01:49:58,51
757,359,search,2024-12-09 23:36:53,31
758,126,explore/category,2024-12-10 20:07:05,297
759,853,posts,2024-11-23 22:25:01,206
760,900,search,2024-12-04 00:47:27,29
761,925,wp-content,2024-11-28 10:19:28,16
762,901,app,2024-11-14 18:31:28,78
763,172,explore,2024-11-24 19:37:08,259
764,3,categories/app,2024-11-26 09:40:53,7
765,743,explore,2024-11-15 00:25:36,172
766,440,search/list,2024-12-01 05:07:24,68
767,136,posts/tag,2024-11-15 04:00:42,199
768,966,list,2024-11-26 21:48:18,263
769,286,posts/list,2024-11-17 19:27:42,46
770,405,category/category/main,2024-12-07 22:34:52,70
771,142,main/search,2024-12-06 20:38:44,224
772,821,blog,2024-11-11 20:16:37,273
773,660,tag,2024-11-16 18:21:15,273
774,696,tags/explore,2024-11-21 21:48:47,66
775,301,posts/main/tags,2024-12-09 11:22:00,294
776,187,category/explore/categories,2024-12-08 11:18:14,100
777,209,blog/list,2024-12-09 19:55:31,195
778,917,posts/search/search,2024-11-14 05:16:43,171
779,838,search/main/list,2024-12-03 15:12:45,45
780,854,categories/blog,2024-12-08 10:01:36,225
781,366,tag,2024-11-22 19:50:44,163
782,241,explore,2024-11-30 15:17:21,111
783,68,category,2024-12-09 14:29:12,294
784,695,posts,2024-11-18 17:19:58,176
785,297,list,2024-11-28 22:14:23,11
786,335,tags/main,2024-11-16 20:33:07,234
787,280,search/explore/posts,2024-12-08 09:41:35,190
788,668,main,2024-11-15 23:55:46,134
789,322,blog/list/posts,2024-11-27 12:59:40,93
790,158,list/blog,2024-11-18 21:17:26,138
791,769,categories/explore,2024-12-07 15:25:32,16
792,370,app/tag,2024-11-19 23:41:27,128
793,329,explore,2024-12-09 21:24:50,223
794,253,app,2024-12-02 07:32:57,74
795,279,app/search/tag,2024-11-12 01:25:07,194
796,521,wp-content/app,2024-12-01 11:56:37,242
797,344,app/blog,2024-12-02 19:37:35,81
798,660,categories/tags,2024-12-11 01:01:05,288
799,675,tags/tags,2024-11-29 06:49:22,161
800,735,wp-content,2024-11-14 17:26:16,126
801,414,search/tags,2024-12-02 07:03:09,92
802,951,main/tag,2024-11-21 19:50:47,168
803,996,blog,2024-11-30 13:49:28,279
804,67,main,2024-12-03 09:18:34,50
805,586,blog/categories,2024-11-15 21:11:37,72
806,242,wp-content/tags,2024-11-27 07:20:20,9
807,300,tags/main,2024-11-14 10:00:58,22
808,776,category,2024-11-13 17:36:33,203
809,467,wp-content/tag,2024-12-04 01:11:15,30
810,132,explore,2024-12-10 09:49:38,57
811,919,tags/blog,2024-11-14 13:03:39,28
812,217,tags/main/explore,2024-12-08 21:29:20,83
813,724,main,2024-11-18 22:12:59,169
814,48,categories/app/wp-content,2024-11-12 18:46:27,266
815,566,list/wp-content,2024-12-07 05:22:03,172
816,464,list/explore,2024-11-16 12:39:01,23
817,731,list/search,2024-11-18 23:27:09,107
818,191,category/wp-content,2024-12-10 15:22:18,129
819,163,blog,2024-12-01 07:45:53,256
820,394,category/main,2024-11-29 16:17:24,49
821,896,explore,2024-11-27 07:33:00,262
822,235,tags,2024-11-27 13:33:29,67
823,590,main/app,2024-12-03 11:11:18,156
824,209,app,2024-11-15 17:30:02,173
825,189,search/wp-content/main,2024-12-05 23:06:58,192
826,445,search/tag,2024-11-13 00:20:38,50
827,7,search,2024-11-21 20:54:24,143
828,503,blog/wp-content,2024-11-29 04:22:16,59
829,291,list,2024-11-26 12:12:06,34
830,773,tag/category/wp-content,2024-12-01 16:41:47,273
831,6,blog,2024-11-13 02:03:20,200
832,196,list/explore,2024-11-17 21:56:50,167
833,496,tags/list,2024-11-28 10:24:38,282
834,15,wp-content,2024-11-19 14:12:13,121
835,514,list,2024-12-08 05:41:51,100
836,416,posts/tags,2024-11-17 20:46:54,158
837,84,explore/categories,2024-11-20 17:53:59,15
838,980,search,2024-11-29 02:45:14,44
839,851,tags/blog,2024-11-18 07:44:08,7
840,165,tags/list,2024-11-19 17:47:00,254
841,757,tags,2024-11-15 19:12:33,137
842,489,main/list,2024-11-21 04:44:14,40
843,212,explore/categories/tag,2024-12-08 07:29:23,289
844,688,posts,2024-11-30 21:24:17,113
845,982,blog,2024-12-09 16:00:43,108
846,769,search/explore/posts,2024-12-10 14:48:42,115
847,613,app/main/posts,2024-12-11 02:28:15,81
848,961,wp-content/blog,2024-11-20 21:33:17,89
849,172,main/search/categories,2024-11-16 07:42:47,138
850,982,app/tag,2024-11-18 21:59:42,27
851,10,main/tags,2024-12-05 20:05:39,33
852,695,posts,2024-11-26 11:31:21,135
853,598,tag/main/tags,2024-11-14 13:09:06,263
854,201,tag/wp-content/explore,2024-11-18 12:58:18,242
855,26,tags,2024-11-25 21:38:10,126
856,716,blog/category/app,2024-12-06 00:15:13,113
857,449,tags,2024-11-13 18:10:47,99
858,940,category/tag/tags,2024-11-14 11:31:39,13
859,394,posts/categories,2024-11-19 20:42:39,67
860,639,category/tag/tag,2024-12-10 10:00:05,79
861,224,tag,2024-11-23 18:02:56,284
862,107,explore,2024-11-28 20:53:15,31
863,555,wp-content/tags,2024-11-24 05:13:16,165
864,927,category/category/list,2024-11-23 09:47:07,208
865,696,category,2024-11-29 03:29:37,188
866,362,explore,2024-11-24 07:56:45,117
867,2,posts,2024-11-29 21:15:41,53
868,667,list/explore,2024-12-02 08:03:35,189
869,619,app,2024-12-08 04:38:12,46
870,240,blog/posts,2024-12-01 19:43:47,174
871,377,wp-content,2024-12-08 22:02:02,122
872,890,posts/main,2024-12-07 03:57:15,180
873,600,search/posts/tags,2024-11-22 16:56:00,163
874,340,tag,2024-11-21 01:47:00,221
875,421,search/search,2024-11-29 22:23:37,168
876,881,tag/tags,2024-12-04 01:14:11,166
877,201,wp-content/main,2024-12-04 20:27:51,19
878,331,categories/main/main,2024-12-07 14:16:37,145
879,873,wp-content,2024-11-27 09:59:38,71
880,763,tag/categories/tag,2024-11-28 06:38:59,209
881,513,explore/posts,2024-12-01 12:57:05,262
882,592,app/category/wp-content,2024-11-29 12:12:42,159
883,702,blog,2024-11-27 08:13:46,183
884,416,blog/tags,2024-11-27 07:28:20,173
885,137,list/wp-content/search,2024-11-27 16:53:06,194
886,861,categories/search/tags,2024-11-30 07:19:59,98
887,984,posts,2024-11-17 23:19:39,244
888,506,explore/list/tags,2024-11-11 11:37:57,119
889,80,category/blog/category,2024-11-24 03:30:13,182
890,317,tag,2024-11-19 13:56:58,135
891,308,main,2024-12-03 17:48:08,85
892,585,app/main,2024-12-09 04:27:16,67
893,365,tags,2024-11-15 15:31:54,290
894,817,posts/category/category,2024-12-09 08:09:24,155
895,755,main,2024-11-19 06:55:03,72
896,386,main/main,2024-11-24 09:26:33,291
897,197,tag/categories,2024-11-12 17:05:49,268
898,12,app,2024-11-13 18:18:05,98
899,90,posts/blog,2024-12-03 08:29:01,77
900,980,app,2024-12-04 20:48:00,24
901,484,tags/search,2024-11-12 16:08:18,117
902,959,main/list/blog,2024-12-06 23:18:07,187
903,252,list/list,2024-11-16 03:38:04,115
904,904,explore/blog,2024-11-28 13:08:18,102
905,537,categories/search/main,2024-11-25 18:28:12,177
906,71,app,2024-11-29 19:13:02,12
907,66,tags,2024-11-23 22:02:23,17
908,787,explore/blog,2024-12-09 19:22:45,156
909,227,categories/categories/wp-content,2024-11-26 11:03:32,141
910,172,categories/explore/explore,2024-12-04 09:13:44,49
911,133,tag/main/category,2024-12-05 01:21:58,18
912,988,app,2024-11-12 15:32:43,44
913,391,blog/tag,2024-12-10 04:37:07,254
914,477,app,2024-12-02 19:02:43,296
915,471,list/category,2024-11-23 01:44:53,80
916,119,wp-content,2024-11-30 17:22:53,30
917,42,main/tags,2024-11-20 11:03:50,91
918,196,tags/explore/category,2024-11-20 09:16:52,13
919,751,app,2024-11-21 13:35:45,155
920,94,main,2024-11-12 16:07:37,34
921,123,tags/wp-content/blog,2024-11-14 19:10:02,72
922,593,wp-content/category/blog,2024-11-24 14:34:10,12
923,820,tags/categories,2024-11-14 02:48:34,146
924,388,list/wp-content,2024-12-10 03:34:03,150
925,596,blog,2024-11-12 14:31:59,35
926,997,main/tags,2024-11-19 04:03:28,25
927,921,tag,2024-11-24 18:39:12,185
928,589,category/tags/tag,2024-11-21 14:59:28,199
929,331,tag/list/list,2024-11-23 09:33:42,158
930,329,categories/app,2024-12-03 08:49:13,282
931,725,tag,2024-12-02 23:06:06,239
932,724,tag,2024-11-24 08:15:07,159
933,154,list/list/category,2024-12-03 12:52:25,277
934,36,wp-content/list,2024-12-01 06:07:01,228
935,647,posts,2024-12-09 01:38:39,246
936,559,category/posts,2024-12-03 09:19:54,202
937,474,tags,2024-11-26 09:17:04,210
938,582,tag/blog,2024-12-04 22:37:15,166
939,601,tag/categories,2024-11-15 09:53:48,118
940,967,categories/list,2024-12-11 01:57:34,101
941,248,blog/app/app,2024-12-07 00:03:46,240
942,416,category/app,2024-11-23 11:29:15,48
943,42,categories,2024-11-20 13:22:22,98
944,968,list/tags/search,2024-12-06 05:32:50,202
945,654,app/tags,2024-11-14 04:18:15,272
946,755,tags/tag/list,2024-11-13 16:06:43,91
947,126,categories/tags,2024-11-17 02:27:46,178
948,163,blog/blog/list,2024-12-03 07:50:19,41
949,940,blog/list/tags,2024-12-05 05:45:41,214
950,636,blog/tags,2024-12-10 20:17:49,183
951,342,blog,2024-11-16 13:30:53,19
952,640,blog,2024-12-05 16:21:01,138
953,74,wp-content/category/wp-content,2024-12-02 00:19:11,190
954,804,app/main,2024-11-28 03:29:21,120
955,924,search,2024-12-11 07:54:26,214
956,507,app/blog/main,2024-11-23 01:42:57,155
957,719,search,2024-11-17 10:17:37,13
958,610,tag/tag/wp-content,2024-12-02 03:51:07,211
959,542,posts,2024-11-17 19:20:09,202
960,518,wp-content/list,2024-11-12 12:25:26,154
961,177,app/explore/blog,2024-11-12 08:05:07,40
962,170,blog/tags,2024-11-24 21:31:20,137
963,746,category,2024-12-09 11:29:50,76
964,745,categories/list,2024-12-06 22:36:07,72
965,655,tag,2024-11-16 06:53:28,290
966,478,categories,2024-11-18 21:45:33,229
967,687,blog/search,2024-11-21 11:39:07,236
968,808,categories/posts,2024-11-22 03:48:07,75
969,322,blog/main,2024-12-03 06:54:32,225
970,370,posts,2024-11-13 07:37:07,40
971,4,tag/posts/posts,2024-11-18 00:07:57,15
972,647,search/category/posts,2024-12-07 10:22:19,150
973,55,search/explore,2024-11-24 14:00:03,78
974,348,search/tags,2024-12-07 02:03:58,235
975,737,app,2024-12-09 07:55:17,139
976,280,blog,2024-12-02 13:02:54,270
977,878,list/category/tag,2024-11-19 17:59:08,161
978,868,posts,2024-12-04 14:11:22,66
979,42,wp-content/tags,2024-11-18 19:55:51,292
980,261,list/wp-content/list,2024-12-09 23:27:26,208
981,219,posts,2024-12-06 00:19:21,296
982,884,wp-content/list/explore,2024-12-06 14:15:50,237
983,251,main/main,2024-12-02 15:35:00,280
984,481,tag,2024-12-01 13:03:52,179
985,819,blog/tag,2024-11-29 07:05:43,242
986,612,tags/wp-content/search,2024-12-03 02:42:47,299
987,74,wp-content/category,2024-11-13 00:53:40,31
988,668,list/explore/category,2024-11-16 14:12:51,273
989,95,wp-content/app,2024-12-03 09:35:00,122
990,320,wp-content/categories/tags,2024-11-29 11:05:07,190
991,137,posts/tags/categories,2024-11-25 15:00:52,11
992,247,explore/tag,2024-11-23 08:12:54,36
993,724,categories/categories,2024-11-15 11:15:29,230
994,38,blog,2024-12-07 07:16:36,174
995,982,list/categories/tags,2024-11-15 23:11:55,245
996,834,list/tags,2024-12-02 00:42:09,73
997,882,tag/tags,2024-12-05 11:53:59,80
998,665,blog/tag/explore,2024-11-19 15:31:20,16
999,369,tags,2024-12-05 04:07:40,263
1000,30,main/tag/categories,2024-12-04 04:28:16,190
